COUNTY,Total Active Cases,Total Recovered,Total Deaths,Date
Adams,2,2,0,1/1/2022
Barnes,14,6,1,1/1/2022
Benson,1,1,0,1/1/2022
Billings,1,0,0,1/1/2022
Bottineau,4,0,0,1/1/2022
Bowman,7,1,0,1/1/2022
Burke,1,0,0,1/1/2022
Burleigh,227,60,0,1/1/2022
Cass,497,125,0,1/1/2022
Cavalier,4,1,0,1/1/2022
Dickey,6,2,0,1/1/2022
Divide,2,2,0,1/1/2022
Dunn,2,0,0,1/1/2022
Eddy,9,1,0,1/1/2022
Emmons,5,1,0,1/1/2022
Foster,3,0,0,1/1/2022
Golden Valley,3,1,0,1/1/2022
Grand Forks,197,39,0,1/1/2022
Grant,13,1,0,1/1/2022
Griggs,4,0,0,1/1/2022
Hettinger,3,1,0,1/1/2022
Kidder,4,0,0,1/1/2022
LaMoure,7,0,0,1/1/2022
Logan,3,1,0,1/1/2022
McHenry,3,1,0,1/1/2022
McIntosh,0,2,0,1/1/2022
McKenzie,23,5,0,1/1/2022
McLean,10,8,0,1/1/2022
Mercer,10,3,0,1/1/2022
Morton,77,15,0,1/1/2022
Mountrail,13,0,0,1/1/2022
Nelson,3,1,0,1/1/2022
Oliver,0,0,0,1/1/2022
Pembina,11,3,0,1/1/2022
Pierce,5,4,0,1/1/2022
Ramsey,16,2,0,1/1/2022
Ransom,2,1,0,1/1/2022
Renville,1,0,0,1/1/2022
Richland,17,4,0,1/1/2022
Rolette,89,4,0,1/1/2022
Sargent,2,1,0,1/1/2022
Sheridan,1,0,0,1/1/2022
Sioux,10,0,0,1/1/2022
Slope,0,0,0,1/1/2022
Stark,37,8,0,1/1/2022
Steele,3,1,0,1/1/2022
Stutsman,28,5,0,1/1/2022
Towner,2,0,0,1/1/2022
Traill,8,0,0,1/1/2022
Unknown,0,0,0,1/1/2022
Walsh,8,8,0,1/1/2022
Ward,85,33,0,1/1/2022
Wells,7,6,0,1/1/2022
Williams,39,12,0,1/1/2022
Adams,2,0,0,1/2/2022
Barnes,9,7,0,1/2/2022
Benson,0,1,0,1/2/2022
Billings,0,1,0,1/2/2022
Bottineau,6,0,0,1/2/2022
Bowman,4,3,0,1/2/2022
Burke,1,0,0,1/2/2022
Burleigh,230,71,0,1/2/2022
Cass,410,170,0,1/2/2022
Cavalier,3,1,0,1/2/2022
Dickey,4,2,0,1/2/2022
Divide,3,0,0,1/2/2022
Dunn,1,1,0,1/2/2022
Eddy,6,5,0,1/2/2022
Emmons,5,0,1,1/2/2022
Foster,0,2,1,1/2/2022
Golden Valley,1,2,0,1/2/2022
Grand Forks,197,38,0,1/2/2022
Grant,10,3,0,1/2/2022
Griggs,4,0,0,1/2/2022
Hettinger,3,0,0,1/2/2022
Kidder,2,2,0,1/2/2022
LaMoure,7,2,0,1/2/2022
Logan,2,1,0,1/2/2022
McHenry,5,1,0,1/2/2022
McIntosh,0,0,0,1/2/2022
McKenzie,23,7,0,1/2/2022
McLean,9,5,0,1/2/2022
Mercer,6,4,0,1/2/2022
Morton,80,26,0,1/2/2022
Mountrail,8,6,0,1/2/2022
Nelson,3,0,0,1/2/2022
Oliver,0,0,0,1/2/2022
Pembina,7,4,1,1/2/2022
Pierce,5,1,0,1/2/2022
Ramsey,9,8,0,1/2/2022
Ransom,2,0,0,1/2/2022
Renville,0,1,0,1/2/2022
Richland,8,9,0,1/2/2022
Rolette,90,11,0,1/2/2022
Sargent,0,2,0,1/2/2022
Sheridan,1,0,0,1/2/2022
Sioux,13,1,0,1/2/2022
Slope,0,0,0,1/2/2022
Stark,31,13,0,1/2/2022
Steele,2,1,0,1/2/2022
Stutsman,29,8,0,1/2/2022
Towner,3,0,0,1/2/2022
Traill,7,2,0,1/2/2022
Unknown,0,0,0,1/2/2022
Walsh,8,1,0,1/2/2022
Ward,80,28,0,1/2/2022
Wells,2,7,0,1/2/2022
Williams,35,10,0,1/2/2022
Adams,2,1,0,1/3/2022
Barnes,20,4,0,1/3/2022
Benson,5,0,0,1/3/2022
Billings,0,0,0,1/3/2022
Bottineau,8,1,0,1/3/2022
Bowman,2,2,0,1/3/2022
Burke,2,1,0,1/3/2022
Burleigh,289,103,0,1/3/2022
Cass,595,252,0,1/3/2022
Cavalier,5,2,0,1/3/2022
Dickey,9,2,0,1/3/2022
Divide,3,2,0,1/3/2022
Dunn,3,0,0,1/3/2022
Eddy,11,3,0,1/3/2022
Emmons,2,4,0,1/3/2022
Foster,0,0,0,1/3/2022
Golden Valley,2,2,0,1/3/2022
Grand Forks,241,73,1,1/3/2022
Grant,5,9,0,1/3/2022
Griggs,6,0,0,1/3/2022
Hettinger,5,2,0,1/3/2022
Kidder,1,2,0,1/3/2022
LaMoure,9,3,0,1/3/2022
Logan,3,0,0,1/3/2022
McHenry,5,3,0,1/3/2022
McIntosh,3,0,0,1/3/2022
McKenzie,26,14,0,1/3/2022
McLean,13,4,0,1/3/2022
Mercer,5,4,0,1/3/2022
Morton,117,28,1,1/3/2022
Mountrail,15,6,0,1/3/2022
Nelson,4,0,0,1/3/2022
Oliver,0,0,0,1/3/2022
Pembina,5,4,0,1/3/2022
Pierce,4,4,0,1/3/2022
Ramsey,18,4,0,1/3/2022
Ransom,5,1,0,1/3/2022
Renville,0,0,0,1/3/2022
Richland,14,4,0,1/3/2022
Rolette,131,12,0,1/3/2022
Sargent,1,1,0,1/3/2022
Sheridan,1,1,0,1/3/2022
Sioux,19,1,0,1/3/2022
Slope,0,0,0,1/3/2022
Stark,52,13,0,1/3/2022
Steele,2,0,0,1/3/2022
Stutsman,36,13,0,1/3/2022
Towner,3,2,0,1/3/2022
Traill,9,4,0,1/3/2022
Unknown,0,0,0,1/3/2022
Walsh,10,3,0,1/3/2022
Ward,113,44,0,1/3/2022
Wells,21,3,0,1/3/2022
Williams,65,20,0,1/3/2022
Adams,2,0,1,1/4/2022
Barnes,23,6,0,1/4/2022
Benson,10,2,0,1/4/2022
Billings,0,0,0,1/4/2022
Bottineau,10,5,0,1/4/2022
Bowman,1,2,0,1/4/2022
Burke,2,1,0,1/4/2022
Burleigh,384,97,0,1/4/2022
Cass,945,202,3,1/4/2022
Cavalier,5,2,0,1/4/2022
Dickey,8,3,0,1/4/2022
Divide,4,1,0,1/4/2022
Dunn,3,1,0,1/4/2022
Eddy,11,6,0,1/4/2022
Emmons,2,0,0,1/4/2022
Foster,6,0,0,1/4/2022
Golden Valley,1,1,0,1/4/2022
Grand Forks,335,68,0,1/4/2022
Grant,10,1,0,1/4/2022
Griggs,6,3,0,1/4/2022
Hettinger,6,3,0,1/4/2022
Kidder,2,0,0,1/4/2022
LaMoure,14,2,0,1/4/2022
Logan,4,1,0,1/4/2022
McHenry,7,1,0,1/4/2022
McIntosh,1,3,0,1/4/2022
McKenzie,34,8,0,1/4/2022
McLean,17,6,0,1/4/2022
Mercer,9,1,0,1/4/2022
Morton,143,27,0,1/4/2022
Mountrail,32,6,0,1/4/2022
Nelson,5,1,0,1/4/2022
Oliver,2,0,0,1/4/2022
Pembina,7,4,0,1/4/2022
Pierce,3,2,0,1/4/2022
Ramsey,31,3,0,1/4/2022
Ransom,8,3,0,1/4/2022
Renville,2,0,0,1/4/2022
Richland,18,4,0,1/4/2022
Rolette,237,6,0,1/4/2022
Sargent,7,0,0,1/4/2022
Sheridan,2,0,0,1/4/2022
Sioux,27,2,0,1/4/2022
Slope,0,0,0,1/4/2022
Stark,70,14,0,1/4/2022
Steele,5,0,0,1/4/2022
Stutsman,55,12,0,1/4/2022
Towner,3,1,0,1/4/2022
Traill,15,2,0,1/4/2022
Unknown,0,0,0,1/4/2022
Walsh,9,5,0,1/4/2022
Ward,166,44,0,1/4/2022
Wells,20,6,0,1/4/2022
Williams,71,25,1,1/4/2022
Adams,3,0,0,1/5/2022
Barnes,32,5,0,1/5/2022
Benson,12,1,0,1/5/2022
Billings,0,0,0,1/5/2022
Bottineau,11,4,0,1/5/2022
Bowman,2,1,0,1/5/2022
Burke,1,3,0,1/5/2022
Burleigh,501,88,0,1/5/2022
Cass,1225,187,0,1/5/2022
Cavalier,5,1,0,1/5/2022
Dickey,6,5,0,1/5/2022
Divide,6,2,0,1/5/2022
Dunn,4,0,0,1/5/2022
Eddy,7,6,0,1/5/2022
Emmons,3,3,0,1/5/2022
Foster,11,1,0,1/5/2022
Golden Valley,0,1,0,1/5/2022
Grand Forks,368,59,0,1/5/2022
Grant,11,1,0,1/5/2022
Griggs,12,2,0,1/5/2022
Hettinger,7,7,0,1/5/2022
Kidder,2,0,0,1/5/2022
LaMoure,13,3,0,1/5/2022
Logan,6,1,0,1/5/2022
McHenry,8,1,0,1/5/2022
McIntosh,2,0,0,1/5/2022
McKenzie,43,8,0,1/5/2022
McLean,19,5,0,1/5/2022
Mercer,20,4,0,1/5/2022
Morton,143,46,0,1/5/2022
Mountrail,56,6,0,1/5/2022
Nelson,5,0,0,1/5/2022
Oliver,2,1,0,1/5/2022
Pembina,18,3,0,1/5/2022
Pierce,5,0,0,1/5/2022
Ramsey,44,5,0,1/5/2022
Ransom,10,2,0,1/5/2022
Renville,4,0,0,1/5/2022
Richland,36,3,0,1/5/2022
Rolette,275,12,0,1/5/2022
Sargent,9,2,0,1/5/2022
Sheridan,1,1,0,1/5/2022
Sioux,32,2,0,1/5/2022
Slope,0,0,0,1/5/2022
Stark,89,14,0,1/5/2022
Steele,3,2,0,1/5/2022
Stutsman,66,15,0,1/5/2022
Towner,4,1,0,1/5/2022
Traill,16,4,0,1/5/2022
Unknown,0,0,0,1/5/2022
Walsh,19,1,0,1/5/2022
Ward,266,39,0,1/5/2022
Wells,22,6,0,1/5/2022
Williams,98,27,0,1/5/2022
Adams,6,0,0,1/6/2022
Barnes,33,9,0,1/6/2022
Benson,17,1,0,1/6/2022
Billings,0,0,0,1/6/2022
Bottineau,17,3,0,1/6/2022
Bowman,3,1,0,1/6/2022
Burke,2,0,0,1/6/2022
Burleigh,563,120,1,1/6/2022
Cass,1560,259,0,1/6/2022
Cavalier,5,1,0,1/6/2022
Dickey,11,1,0,1/6/2022
Divide,4,2,0,1/6/2022
Dunn,7,0,0,1/6/2022
Eddy,9,7,0,1/6/2022
Emmons,3,1,0,1/6/2022
Foster,20,4,0,1/6/2022
Golden Valley,0,0,0,1/6/2022
Grand Forks,470,80,0,1/6/2022
Grant,11,2,0,1/6/2022
Griggs,12,2,0,1/6/2022
Hettinger,10,0,0,1/6/2022
Kidder,2,0,0,1/6/2022
LaMoure,17,1,0,1/6/2022
Logan,5,1,0,1/6/2022
McHenry,14,2,0,1/6/2022
McIntosh,3,1,0,1/6/2022
McKenzie,45,12,0,1/6/2022
McLean,21,5,0,1/6/2022
Mercer,23,4,0,1/6/2022
Morton,159,36,1,1/6/2022
Mountrail,60,7,0,1/6/2022
Nelson,7,1,0,1/6/2022
Oliver,2,1,0,1/6/2022
Pembina,14,5,0,1/6/2022
Pierce,7,0,0,1/6/2022
Ramsey,49,6,0,1/6/2022
Ransom,14,2,0,1/6/2022
Renville,9,1,0,1/6/2022
Richland,38,9,0,1/6/2022
Rolette,308,11,0,1/6/2022
Sargent,13,2,0,1/6/2022
Sheridan,1,1,0,1/6/2022
Sioux,40,2,0,1/6/2022
Slope,0,0,0,1/6/2022
Stark,116,13,0,1/6/2022
Steele,1,2,0,1/6/2022
Stutsman,82,20,0,1/6/2022
Towner,6,1,0,1/6/2022
Traill,21,8,0,1/6/2022
Unknown,0,0,0,1/6/2022
Walsh,25,3,0,1/6/2022
Ward,324,50,1,1/6/2022
Wells,19,13,0,1/6/2022
Williams,115,25,0,1/6/2022
Adams,5,1,0,1/7/2022
Barnes,40,7,0,1/7/2022
Benson,21,4,0,1/7/2022
Billings,0,0,0,1/7/2022
Bottineau,19,2,0,1/7/2022
Bowman,3,1,0,1/7/2022
Burke,4,0,0,1/7/2022
Burleigh,591,115,0,1/7/2022
Cass,1699,324,0,1/7/2022
Cavalier,11,1,0,1/7/2022
Dickey,19,2,0,1/7/2022
Divide,3,1,0,1/7/2022
Dunn,6,3,0,1/7/2022
Eddy,11,0,0,1/7/2022
Emmons,3,0,0,1/7/2022
Foster,24,4,0,1/7/2022
Golden Valley,3,0,0,1/7/2022
Grand Forks,512,87,0,1/7/2022
Grant,11,3,0,1/7/2022
Griggs,20,0,0,1/7/2022
Hettinger,8,3,0,1/7/2022
Kidder,3,0,0,1/7/2022
LaMoure,17,7,0,1/7/2022
Logan,7,0,0,1/7/2022
McHenry,16,1,0,1/7/2022
McIntosh,4,0,0,1/7/2022
McKenzie,41,14,0,1/7/2022
McLean,29,4,0,1/7/2022
Mercer,27,7,0,1/7/2022
Morton,161,39,0,1/7/2022
Mountrail,65,10,0,1/7/2022
Nelson,6,2,0,1/7/2022
Oliver,3,0,0,1/7/2022
Pembina,25,3,0,1/7/2022
Pierce,10,2,0,1/7/2022
Ramsey,49,18,1,1/7/2022
Ransom,18,1,0,1/7/2022
Renville,6,3,0,1/7/2022
Richland,45,9,0,1/7/2022
Rolette,398,28,0,1/7/2022
Sargent,15,0,0,1/7/2022
Sheridan,0,1,0,1/7/2022
Sioux,40,3,1,1/7/2022
Slope,0,0,0,1/7/2022
Stark,122,31,0,1/7/2022
Steele,1,0,0,1/7/2022
Stutsman,96,17,0,1/7/2022
Towner,5,2,0,1/7/2022
Traill,28,3,0,1/7/2022
Unknown,0,0,0,1/7/2022
Walsh,27,6,0,1/7/2022
Ward,356,74,0,1/7/2022
Wells,22,4,0,1/7/2022
Williams,122,29,0,1/7/2022
Adams,4,1,0,1/8/2022
Barnes,29,13,0,1/8/2022
Benson,19,7,0,1/8/2022
Billings,1,0,0,1/8/2022
Bottineau,14,7,0,1/8/2022
Bowman,4,1,0,1/8/2022
Burke,2,3,0,1/8/2022
Burleigh,526,190,1,1/8/2022
Cass,1239,611,1,1/8/2022
Cavalier,6,5,0,1/8/2022
Dickey,16,4,0,1/8/2022
Divide,3,0,0,1/8/2022
Dunn,4,2,0,1/8/2022
Eddy,10,2,0,1/8/2022
Emmons,3,1,0,1/8/2022
Foster,18,8,0,1/8/2022
Golden Valley,4,0,0,1/8/2022
Grand Forks,435,146,1,1/8/2022
Grant,9,3,0,1/8/2022
Griggs,10,11,0,1/8/2022
Hettinger,7,4,0,1/8/2022
Kidder,2,2,0,1/8/2022
LaMoure,13,4,0,1/8/2022
Logan,3,4,0,1/8/2022
McHenry,10,7,0,1/8/2022
McIntosh,5,0,0,1/8/2022
McKenzie,31,16,0,1/8/2022
McLean,25,7,0,1/8/2022
Mercer,27,9,0,1/8/2022
Morton,154,50,0,1/8/2022
Mountrail,40,29,0,1/8/2022
Nelson,3,3,0,1/8/2022
Oliver,3,2,0,1/8/2022
Pembina,16,12,0,1/8/2022
Pierce,9,3,0,1/8/2022
Ramsey,43,15,0,1/8/2022
Ransom,11,8,0,1/8/2022
Renville,9,1,0,1/8/2022
Richland,38,11,0,1/8/2022
Rolette,385,30,0,1/8/2022
Sargent,8,8,0,1/8/2022
Sheridan,0,0,0,1/8/2022
Sioux,44,3,0,1/8/2022
Slope,0,0,0,1/8/2022
Stark,91,43,0,1/8/2022
Steele,0,1,0,1/8/2022
Stutsman,77,25,0,1/8/2022
Towner,3,2,0,1/8/2022
Traill,24,9,0,1/8/2022
Unknown,0,0,0,1/8/2022
Walsh,27,8,0,1/8/2022
Ward,264,139,0,1/8/2022
Wells,15,8,0,1/8/2022
Williams,98,42,0,1/8/2022
Adams,6,0,0,1/9/2022
Barnes,25,6,0,1/9/2022
Benson,14,5,0,1/9/2022
Billings,1,0,0,1/9/2022
Bottineau,12,3,0,1/9/2022
Bowman,3,2,0,1/9/2022
Burke,3,0,0,1/9/2022
Burleigh,546,118,0,1/9/2022
Cass,1152,257,2,1/9/2022
Cavalier,6,0,0,1/9/2022
Dickey,16,1,0,1/9/2022
Divide,2,1,0,1/9/2022
Dunn,3,1,0,1/9/2022
Eddy,10,1,0,1/9/2022
Emmons,3,0,0,1/9/2022
Foster,18,3,0,1/9/2022
Golden Valley,4,1,0,1/9/2022
Grand Forks,398,80,0,1/9/2022
Grant,7,3,0,1/9/2022
Griggs,10,0,0,1/9/2022
Hettinger,7,2,0,1/9/2022
Kidder,2,0,0,1/9/2022
LaMoure,15,1,0,1/9/2022
Logan,4,1,0,1/9/2022
McHenry,11,4,0,1/9/2022
McIntosh,6,3,0,1/9/2022
McKenzie,28,9,0,1/9/2022
McLean,20,6,0,1/9/2022
Mercer,25,4,0,1/9/2022
Morton,176,25,1,1/9/2022
Mountrail,28,16,0,1/9/2022
Nelson,3,0,0,1/9/2022
Oliver,2,1,0,1/9/2022
Pembina,14,4,0,1/9/2022
Pierce,20,0,0,1/9/2022
Ramsey,45,7,0,1/9/2022
Ransom,13,0,0,1/9/2022
Renville,8,1,0,1/9/2022
Richland,36,8,0,1/9/2022
Rolette,374,29,0,1/9/2022
Sargent,8,1,0,1/9/2022
Sheridan,0,0,0,1/9/2022
Sioux,57,0,0,1/9/2022
Slope,0,0,0,1/9/2022
Stark,90,18,0,1/9/2022
Steele,0,0,0,1/9/2022
Stutsman,66,22,0,1/9/2022
Towner,3,0,0,1/9/2022
Traill,17,8,0,1/9/2022
Unknown,0,0,0,1/9/2022
Walsh,25,4,0,1/9/2022
Ward,254,66,0,1/9/2022
Wells,16,0,0,1/9/2022
Williams,94,26,0,1/9/2022
Adams,3,3,0,1/10/2022
Barnes,42,7,0,1/10/2022
Benson,14,7,0,1/10/2022
Billings,0,1,0,1/10/2022
Bottineau,19,1,0,1/10/2022
Bowman,3,1,0,1/10/2022
Burke,4,0,0,1/10/2022
Burleigh,654,141,1,1/10/2022
Cass,1739,313,1,1/10/2022
Cavalier,8,3,0,1/10/2022
Dickey,19,1,0,1/10/2022
Divide,2,2,0,1/10/2022
Dunn,5,0,0,1/10/2022
Eddy,13,3,0,1/10/2022
Emmons,1,3,0,1/10/2022
Foster,25,3,0,1/10/2022
Golden Valley,4,1,0,1/10/2022
Grand Forks,520,91,2,1/10/2022
Grant,9,3,0,1/10/2022
Griggs,14,3,0,1/10/2022
Hettinger,8,0,0,1/10/2022
Kidder,10,0,0,1/10/2022
LaMoure,18,4,1,1/10/2022
Logan,4,2,0,1/10/2022
McHenry,12,7,0,1/10/2022
McIntosh,6,1,0,1/10/2022
McKenzie,44,8,0,1/10/2022
McLean,18,8,0,1/10/2022
Mercer,30,7,0,1/10/2022
Morton,202,47,0,1/10/2022
Mountrail,49,12,0,1/10/2022
Nelson,2,1,1,1/10/2022
Oliver,3,0,0,1/10/2022
Pembina,25,6,0,1/10/2022
Pierce,23,0,0,1/10/2022
Ramsey,66,9,0,1/10/2022
Ransom,20,2,0,1/10/2022
Renville,6,3,0,1/10/2022
Richland,59,11,0,1/10/2022
Rolette,404,40,0,1/10/2022
Sargent,10,3,0,1/10/2022
Sheridan,1,0,0,1/10/2022
Sioux,63,6,0,1/10/2022
Slope,0,0,0,1/10/2022
Stark,118,30,0,1/10/2022
Steele,2,0,0,1/10/2022
Stutsman,75,21,0,1/10/2022
Towner,6,1,0,1/10/2022
Traill,31,4,0,1/10/2022
Unknown,0,0,0,1/10/2022
Walsh,40,8,0,1/10/2022
Ward,269,87,0,1/10/2022
Wells,17,7,0,1/10/2022
Williams,118,28,1,1/10/2022
Adams,3,1,0,1/11/2022
Barnes,54,8,0,1/11/2022
Benson,25,6,0,1/11/2022
Billings,0,0,0,1/11/2022
Bottineau,17,9,0,1/11/2022
Bowman,1,3,0,1/11/2022
Burke,5,1,0,1/11/2022
Burleigh,819,159,0,1/11/2022
Cass,2029,544,1,1/11/2022
Cavalier,18,3,0,1/11/2022
Dickey,18,9,0,1/11/2022
Divide,7,0,0,1/11/2022
Dunn,3,3,0,1/11/2022
Eddy,13,4,0,1/11/2022
Emmons,2,0,0,1/11/2022
Foster,29,8,0,1/11/2022
Golden Valley,4,0,0,1/11/2022
Grand Forks,600,162,1,1/11/2022
Grant,11,3,0,1/11/2022
Griggs,12,6,0,1/11/2022
Hettinger,10,4,0,1/11/2022
Kidder,12,0,0,1/11/2022
LaMoure,19,4,0,1/11/2022
Logan,3,1,0,1/11/2022
McHenry,14,2,0,1/11/2022
McIntosh,10,3,0,1/11/2022
McKenzie,55,12,0,1/11/2022
McLean,31,6,0,1/11/2022
Mercer,35,7,0,1/11/2022
Morton,237,48,1,1/11/2022
Mountrail,71,12,0,1/11/2022
Nelson,5,0,0,1/11/2022
Oliver,5,1,0,1/11/2022
Pembina,34,6,0,1/11/2022
Pierce,33,22,0,1/11/2022
Ramsey,69,23,0,1/11/2022
Ransom,25,7,0,1/11/2022
Renville,10,2,0,1/11/2022
Richland,79,10,0,1/11/2022
Rolette,494,54,1,1/11/2022
Sargent,11,2,0,1/11/2022
Sheridan,3,0,0,1/11/2022
Sioux,70,3,0,1/11/2022
Slope,0,0,0,1/11/2022
Stark,146,40,0,1/11/2022
Steele,2,0,0,1/11/2022
Stutsman,102,30,0,1/11/2022
Towner,9,2,0,1/11/2022
Traill,42,10,0,1/11/2022
Unknown,0,0,0,1/11/2022
Walsh,57,11,0,1/11/2022
Ward,334,82,2,1/11/2022
Wells,20,5,0,1/11/2022
Williams,163,33,1,1/11/2022
Adams,2,2,0,1/12/2022
Barnes,68,19,0,1/12/2022
Benson,33,7,0,1/12/2022
Billings,1,0,0,1/12/2022
Bottineau,18,2,0,1/12/2022
Bowman,3,0,0,1/12/2022
Burke,5,2,0,1/12/2022
Burleigh,1022,181,0,1/12/2022
Cass,2547,429,1,1/12/2022
Cavalier,20,2,0,1/12/2022
Dickey,20,4,0,1/12/2022
Divide,11,1,0,1/12/2022
Dunn,8,1,0,1/12/2022
Eddy,15,2,0,1/12/2022
Emmons,6,0,0,1/12/2022
Foster,31,8,0,1/12/2022
Golden Valley,2,2,0,1/12/2022
Grand Forks,783,105,0,1/12/2022
Grant,11,2,0,1/12/2022
Griggs,16,3,0,1/12/2022
Hettinger,13,2,0,1/12/2022
Kidder,11,3,0,1/12/2022
LaMoure,23,6,0,1/12/2022
Logan,5,0,0,1/12/2022
McHenry,22,1,0,1/12/2022
McIntosh,11,4,0,1/12/2022
McKenzie,55,11,0,1/12/2022
McLean,40,3,0,1/12/2022
Mercer,41,9,0,1/12/2022
Morton,294,52,0,1/12/2022
Mountrail,93,13,0,1/12/2022
Nelson,11,0,0,1/12/2022
Oliver,9,0,0,1/12/2022
Pembina,45,9,0,1/12/2022
Pierce,28,13,0,1/12/2022
Ramsey,73,23,0,1/12/2022
Ransom,32,3,0,1/12/2022
Renville,13,1,0,1/12/2022
Richland,104,21,0,1/12/2022
Rolette,514,57,0,1/12/2022
Sargent,17,3,0,1/12/2022
Sheridan,2,1,0,1/12/2022
Sioux,72,10,0,1/12/2022
Slope,0,0,0,1/12/2022
Stark,202,24,0,1/12/2022
Steele,9,0,0,1/12/2022
Stutsman,146,18,0,1/12/2022
Towner,20,0,0,1/12/2022
Traill,47,7,0,1/12/2022
Unknown,0,0,0,1/12/2022
Walsh,66,13,0,1/12/2022
Ward,417,90,0,1/12/2022
Wells,19,6,0,1/12/2022
Williams,242,34,1,1/12/2022
Adams,3,2,0,1/13/2022
Barnes,79,7,0,1/13/2022
Benson,49,8,0,1/13/2022
Billings,1,0,0,1/13/2022
Bottineau,23,3,0,1/13/2022
Bowman,6,1,0,1/13/2022
Burke,8,0,0,1/13/2022
Burleigh,1190,168,0,1/13/2022
Cass,2890,310,1,1/13/2022
Cavalier,33,0,0,1/13/2022
Dickey,28,2,0,1/13/2022
Divide,13,3,0,1/13/2022
Dunn,9,1,0,1/13/2022
Eddy,14,4,0,1/13/2022
Emmons,7,1,0,1/13/2022
Foster,32,7,0,1/13/2022
Golden Valley,3,1,0,1/13/2022
Grand Forks,896,130,0,1/13/2022
Grant,10,1,0,1/13/2022
Griggs,15,4,0,1/13/2022
Hettinger,14,2,0,1/13/2022
Kidder,12,2,0,1/13/2022
LaMoure,31,3,0,1/13/2022
Logan,6,1,0,1/13/2022
McHenry,26,2,0,1/13/2022
McIntosh,10,1,0,1/13/2022
McKenzie,57,7,0,1/13/2022
McLean,47,5,0,1/13/2022
Mercer,58,3,0,1/13/2022
Morton,343,47,0,1/13/2022
Mountrail,120,8,0,1/13/2022
Nelson,15,0,0,1/13/2022
Oliver,10,3,0,1/13/2022
Pembina,50,7,0,1/13/2022
Pierce,26,7,0,1/13/2022
Ramsey,108,10,0,1/13/2022
Ransom,34,6,0,1/13/2022
Renville,18,0,0,1/13/2022
Richland,127,10,0,1/13/2022
Rolette,477,94,0,1/13/2022
Sargent,21,2,0,1/13/2022
Sheridan,2,0,0,1/13/2022
Sioux,80,5,0,1/13/2022
Slope,1,0,0,1/13/2022
Stark,254,19,0,1/13/2022
Steele,11,1,0,1/13/2022
Stutsman,159,24,0,1/13/2022
Towner,27,1,0,1/13/2022
Traill,57,4,0,1/13/2022
Unknown,0,0,0,1/13/2022
Walsh,80,8,0,1/13/2022
Ward,506,53,0,1/13/2022
Wells,19,3,0,1/13/2022
Williams,292,32,0,1/13/2022
Adams,6,1,0,1/14/2022
Barnes,91,12,0,1/14/2022
Benson,54,5,0,1/14/2022
Billings,2,0,0,1/14/2022
Bottineau,32,1,0,1/14/2022
Bowman,10,0,0,1/14/2022
Burke,10,0,0,1/14/2022
Burleigh,1334,161,0,1/14/2022
Cass,3191,364,0,1/14/2022
Cavalier,36,2,0,1/14/2022
Dickey,30,3,0,1/14/2022
Divide,16,1,0,1/14/2022
Dunn,19,0,0,1/14/2022
Eddy,17,3,0,1/14/2022
Emmons,11,1,0,1/14/2022
Foster,33,7,0,1/14/2022
Golden Valley,7,0,0,1/14/2022
Grand Forks,1055,101,0,1/14/2022
Grant,10,1,0,1/14/2022
Griggs,15,1,0,1/14/2022
Hettinger,67,2,0,1/14/2022
Kidder,14,2,0,1/14/2022
LaMoure,32,5,0,1/14/2022
Logan,9,0,0,1/14/2022
McHenry,28,3,0,1/14/2022
McIntosh,8,3,0,1/14/2022
McKenzie,73,2,0,1/14/2022
McLean,54,3,1,1/14/2022
Mercer,71,0,0,1/14/2022
Morton,382,39,0,1/14/2022
Mountrail,146,11,0,1/14/2022
Nelson,21,0,0,1/14/2022
Oliver,12,0,0,1/14/2022
Pembina,62,6,0,1/14/2022
Pierce,22,9,0,1/14/2022
Ramsey,126,10,0,1/14/2022
Ransom,49,2,0,1/14/2022
Renville,18,3,0,1/14/2022
Richland,129,19,0,1/14/2022
Rolette,534,53,0,1/14/2022
Sargent,22,4,0,1/14/2022
Sheridan,3,0,0,1/14/2022
Sioux,86,1,0,1/14/2022
Slope,1,0,0,1/14/2022
Stark,293,24,0,1/14/2022
Steele,12,0,0,1/14/2022
Stutsman,177,8,0,1/14/2022
Towner,30,1,0,1/14/2022
Traill,66,4,0,1/14/2022
Unknown,0,0,0,1/14/2022
Walsh,82,7,0,1/14/2022
Ward,650,100,0,1/14/2022
Wells,20,0,0,1/14/2022
Williams,347,33,0,1/14/2022
Adams,9,1,0,1/15/2022
Barnes,83,18,0,1/15/2022
Benson,45,10,0,1/15/2022
Billings,2,0,0,1/15/2022
Bottineau,32,8,0,1/15/2022
Bowman,8,3,0,1/15/2022
Burke,9,2,0,1/15/2022
Burleigh,1233,289,0,1/15/2022
Cass,2549,888,1,1/15/2022
Cavalier,36,3,0,1/15/2022
Dickey,31,3,0,1/15/2022
Divide,12,3,1,1/15/2022
Dunn,19,2,0,1/15/2022
Eddy,15,4,0,1/15/2022
Emmons,12,0,0,1/15/2022
Foster,31,6,0,1/15/2022
Golden Valley,6,2,0,1/15/2022
Grand Forks,966,219,0,1/15/2022
Grant,4,6,0,1/15/2022
Griggs,16,4,0,1/15/2022
Hettinger,71,3,0,1/15/2022
Kidder,11,5,0,1/15/2022
LaMoure,26,7,0,1/15/2022
Logan,9,1,0,1/15/2022
McHenry,27,6,0,1/15/2022
McIntosh,6,2,0,1/15/2022
McKenzie,54,21,0,1/15/2022
McLean,52,7,0,1/15/2022
Mercer,57,19,0,1/15/2022
Morton,350,95,0,1/15/2022
Mountrail,120,42,0,1/15/2022
Nelson,21,4,0,1/15/2022
Oliver,10,4,0,1/15/2022
Pembina,54,16,0,1/15/2022
Pierce,17,7,0,1/15/2022
Ramsey,97,31,0,1/15/2022
Ransom,37,18,0,1/15/2022
Renville,15,5,0,1/15/2022
Richland,102,38,0,1/15/2022
Rolette,495,65,0,1/15/2022
Sargent,20,5,0,1/15/2022
Sheridan,2,2,0,1/15/2022
Sioux,93,1,0,1/15/2022
Slope,1,0,0,1/15/2022
Stark,256,74,0,1/15/2022
Steele,11,2,0,1/15/2022
Stutsman,156,41,0,1/15/2022
Towner,22,8,0,1/15/2022
Traill,57,15,0,1/15/2022
Unknown,0,0,0,1/15/2022
Walsh,70,27,0,1/15/2022
Ward,622,194,0,1/15/2022
Wells,16,6,0,1/15/2022
Williams,299,88,0,1/15/2022
Adams,9,1,0,1/16/2022
Barnes,72,21,0,1/16/2022
Benson,30,16,0,1/16/2022
Billings,3,0,0,1/16/2022
Bottineau,29,6,0,1/16/2022
Bowman,7,3,0,1/16/2022
Burke,6,4,0,1/16/2022
Burleigh,1034,335,0,1/16/2022
Cass,1991,803,2,1/16/2022
Cavalier,23,15,0,1/16/2022
Dickey,21,11,0,1/16/2022
Divide,11,2,0,1/16/2022
Dunn,17,3,0,1/16/2022
Eddy,10,5,0,1/16/2022
Emmons,12,3,0,1/16/2022
Foster,22,9,0,1/16/2022
Golden Valley,5,2,0,1/16/2022
Grand Forks,766,280,0,1/16/2022
Grant,1,3,0,1/16/2022
Griggs,12,4,0,1/16/2022
Hettinger,74,6,0,1/16/2022
Kidder,9,3,0,1/16/2022
LaMoure,15,11,0,1/16/2022
Logan,10,1,0,1/16/2022
McHenry,23,6,0,1/16/2022
McIntosh,3,3,0,1/16/2022
McKenzie,34,22,0,1/16/2022
McLean,37,21,0,1/16/2022
Mercer,48,14,1,1/16/2022
Morton,285,104,0,1/16/2022
Mountrail,92,34,0,1/16/2022
Nelson,16,6,0,1/16/2022
Oliver,9,1,0,1/16/2022
Pembina,29,28,0,1/16/2022
Pierce,13,3,1,1/16/2022
Ramsey,77,24,0,1/16/2022
Ransom,34,4,0,1/16/2022
Renville,13,4,0,1/16/2022
Richland,84,32,0,1/16/2022
Rolette,446,57,1,1/16/2022
Sargent,15,5,0,1/16/2022
Sheridan,1,1,0,1/16/2022
Sioux,86,11,0,1/16/2022
Slope,0,1,0,1/16/2022
Stark,212,66,0,1/16/2022
Steele,10,2,0,1/16/2022
Stutsman,117,49,0,1/16/2022
Towner,19,4,0,1/16/2022
Traill,36,22,0,1/16/2022
Unknown,0,0,0,1/16/2022
Walsh,56,21,0,1/16/2022
Ward,503,192,0,1/16/2022
Wells,10,8,0,1/16/2022
Williams,228,94,0,1/16/2022
Adams,8,6,0,1/17/2022
Barnes,78,34,0,1/17/2022
Benson,29,14,0,1/17/2022
Billings,4,1,0,1/17/2022
Bottineau,39,6,0,1/17/2022
Bowman,13,3,0,1/17/2022
Burke,11,1,0,1/17/2022
Burleigh,1098,349,0,1/17/2022
Cass,2203,827,0,1/17/2022
Cavalier,28,7,0,1/17/2022
Dickey,32,4,0,1/17/2022
Divide,8,7,0,1/17/2022
Dunn,12,8,0,1/17/2022
Eddy,9,2,0,1/17/2022
Emmons,12,3,0,1/17/2022
Foster,20,12,0,1/17/2022
Golden Valley,6,0,0,1/17/2022
Grand Forks,860,284,0,1/17/2022
Grant,2,1,0,1/17/2022
Griggs,14,2,0,1/17/2022
Hettinger,80,4,0,1/17/2022
Kidder,6,3,0,1/17/2022
LaMoure,15,7,0,1/17/2022
Logan,8,4,0,1/17/2022
McHenry,16,9,1,1/17/2022
McIntosh,2,3,0,1/17/2022
McKenzie,46,18,0,1/17/2022
McLean,47,16,0,1/17/2022
Mercer,62,17,0,1/17/2022
Morton,271,98,0,1/17/2022
Mountrail,109,32,0,1/17/2022
Nelson,12,6,0,1/17/2022
Oliver,7,3,0,1/17/2022
Pembina,36,12,0,1/17/2022
Pierce,11,8,0,1/17/2022
Ramsey,67,29,0,1/17/2022
Ransom,39,14,0,1/17/2022
Renville,12,3,0,1/17/2022
Richland,92,35,0,1/17/2022
Rolette,440,54,0,1/17/2022
Sargent,17,6,0,1/17/2022
Sheridan,1,0,0,1/17/2022
Sioux,86,6,0,1/17/2022
Slope,0,0,0,1/17/2022
Stark,247,75,0,1/17/2022
Steele,10,5,0,1/17/2022
Stutsman,116,57,0,1/17/2022
Towner,15,8,0,1/17/2022
Traill,48,14,0,1/17/2022
Unknown,0,0,0,1/17/2022
Walsh,53,32,0,1/17/2022
Ward,547,166,0,1/17/2022
Wells,13,5,0,1/17/2022
Williams,247,69,0,1/17/2022
Adams,7,7,0,1/18/2022
Barnes,89,22,0,1/18/2022
Benson,34,15,0,1/18/2022
Billings,5,0,0,1/18/2022
Bottineau,39,14,0,1/18/2022
Bowman,12,5,0,1/18/2022
Burke,11,4,0,1/18/2022
Burleigh,1224,317,0,1/18/2022
Cass,2528,627,2,1/18/2022
Cavalier,34,8,0,1/18/2022
Dickey,41,8,0,1/18/2022
Divide,15,6,0,1/18/2022
Dunn,13,4,0,1/18/2022
Eddy,10,7,0,1/18/2022
Emmons,14,2,0,1/18/2022
Foster,27,3,0,1/18/2022
Golden Valley,5,1,0,1/18/2022
Grand Forks,925,260,1,1/18/2022
Grant,1,1,0,1/18/2022
Griggs,16,5,0,1/18/2022
Hettinger,90,10,0,1/18/2022
Kidder,9,4,0,1/18/2022
LaMoure,21,10,0,1/18/2022
Logan,5,5,0,1/18/2022
McHenry,24,6,0,1/18/2022
McIntosh,4,0,0,1/18/2022
McKenzie,44,19,0,1/18/2022
McLean,50,15,0,1/18/2022
Mercer,81,20,0,1/18/2022
Morton,299,91,1,1/18/2022
Mountrail,107,37,0,1/18/2022
Nelson,16,5,0,1/18/2022
Oliver,7,4,0,1/18/2022
Pembina,40,12,0,1/18/2022
Pierce,16,4,0,1/18/2022
Ramsey,68,39,0,1/18/2022
Ransom,45,15,0,1/18/2022
Renville,10,4,0,1/18/2022
Richland,110,36,0,1/18/2022
Rolette,512,51,0,1/18/2022
Sargent,18,7,0,1/18/2022
Sheridan,4,0,0,1/18/2022
Sioux,91,7,0,1/18/2022
Slope,2,0,0,1/18/2022
Stark,264,93,0,1/18/2022
Steele,10,3,0,1/18/2022
Stutsman,158,45,0,1/18/2022
Towner,14,7,0,1/18/2022
Traill,65,17,0,1/18/2022
Unknown,0,0,0,1/18/2022
Walsh,66,19,0,1/18/2022
Ward,611,187,0,1/18/2022
Wells,20,1,0,1/18/2022
Williams,262,100,0,1/18/2022
Adams,11,3,0,1/19/2022
Barnes,100,28,0,1/19/2022
Benson,46,5,0,1/19/2022
Billings,6,1,0,1/19/2022
Bottineau,45,12,0,1/19/2022
Bowman,11,6,0,1/19/2022
Burke,16,0,0,1/19/2022
Burleigh,1411,276,0,1/19/2022
Cass,2886,557,0,1/19/2022
Cavalier,35,6,0,1/19/2022
Dickey,38,10,0,1/19/2022
Divide,18,5,0,1/19/2022
Dunn,21,5,0,1/19/2022
Eddy,13,2,0,1/19/2022
Emmons,17,6,0,1/19/2022
Foster,38,2,0,1/19/2022
Golden Valley,12,3,0,1/19/2022
Grand Forks,995,247,1,1/19/2022
Grant,5,0,0,1/19/2022
Griggs,15,5,0,1/19/2022
Hettinger,96,8,0,1/19/2022
Kidder,14,2,0,1/19/2022
LaMoure,28,2,0,1/19/2022
Logan,8,1,0,1/19/2022
McHenry,31,4,0,1/19/2022
McIntosh,8,1,0,1/19/2022
McKenzie,49,17,0,1/19/2022
McLean,71,16,0,1/19/2022
Mercer,95,21,0,1/19/2022
Morton,342,76,0,1/19/2022
Mountrail,127,28,0,1/19/2022
Nelson,22,4,0,1/19/2022
Oliver,7,3,0,1/19/2022
Pembina,48,12,0,1/19/2022
Pierce,17,3,0,1/19/2022
Ramsey,108,19,0,1/19/2022
Ransom,63,6,0,1/19/2022
Renville,6,7,0,1/19/2022
Richland,129,24,0,1/19/2022
Rolette,530,39,1,1/19/2022
Sargent,33,4,0,1/19/2022
Sheridan,4,2,0,1/19/2022
Sioux,100,0,0,1/19/2022
Slope,2,0,0,1/19/2022
Stark,305,49,0,1/19/2022
Steele,13,1,0,1/19/2022
Stutsman,223,27,0,1/19/2022
Towner,14,6,0,1/19/2022
Traill,92,7,0,1/19/2022
Unknown,0,0,0,1/19/2022
Walsh,79,23,0,1/19/2022
Ward,737,115,1,1/19/2022
Wells,26,0,0,1/19/2022
Williams,298,83,0,1/19/2022
Adams,10,2,0,1/20/2022
Barnes,106,11,1,1/20/2022
Benson,57,3,0,1/20/2022
Billings,7,0,0,1/20/2022
Bottineau,54,10,0,1/20/2022
Bowman,18,0,0,1/20/2022
Burke,16,3,0,1/20/2022
Burleigh,1519,232,0,1/20/2022
Cass,3298,331,2,1/20/2022
Cavalier,41,4,0,1/20/2022
Dickey,48,1,0,1/20/2022
Divide,24,0,0,1/20/2022
Dunn,25,2,0,1/20/2022
Eddy,20,1,0,1/20/2022
Emmons,14,3,0,1/20/2022
Foster,45,5,0,1/20/2022
Golden Valley,14,0,0,1/20/2022
Grand Forks,1146,136,0,1/20/2022
Grant,5,0,0,1/20/2022
Griggs,18,2,0,1/20/2022
Hettinger,96,7,0,1/20/2022
Kidder,14,2,0,1/20/2022
LaMoure,34,4,0,1/20/2022
Logan,12,1,0,1/20/2022
McHenry,33,7,0,1/20/2022
McIntosh,11,0,0,1/20/2022
McKenzie,56,10,0,1/20/2022
McLean,97,6,0,1/20/2022
Mercer,111,13,0,1/20/2022
Morton,390,56,0,1/20/2022
Mountrail,159,15,0,1/20/2022
Nelson,23,1,0,1/20/2022
Oliver,14,0,0,1/20/2022
Pembina,66,5,0,1/20/2022
Pierce,24,1,0,1/20/2022
Ramsey,130,14,0,1/20/2022
Ransom,74,6,0,1/20/2022
Renville,7,3,0,1/20/2022
Richland,189,13,0,1/20/2022
Rolette,527,74,0,1/20/2022
Sargent,40,4,0,1/20/2022
Sheridan,6,0,0,1/20/2022
Sioux,77,45,0,1/20/2022
Slope,1,1,0,1/20/2022
Stark,385,33,0,1/20/2022
Steele,19,2,0,1/20/2022
Stutsman,304,26,0,1/20/2022
Towner,17,1,0,1/20/2022
Traill,105,12,0,1/20/2022
Unknown,0,0,0,1/20/2022
Walsh,121,6,0,1/20/2022
Ward,779,221,0,1/20/2022
Wells,23,8,0,1/20/2022
Williams,405,34,0,1/20/2022
Adams,13,3,0,1/21/2022
Barnes,142,10,0,1/21/2022
Benson,61,6,0,1/21/2022
Billings,4,3,0,1/21/2022
Bottineau,66,6,0,1/21/2022
Bowman,23,1,0,1/21/2022
Burke,21,1,0,1/21/2022
Burleigh,1625,224,0,1/21/2022
Cass,3590,405,3,1/21/2022
Cavalier,48,6,0,1/21/2022
Dickey,54,2,0,1/21/2022
Divide,30,2,0,1/21/2022
Dunn,28,2,0,1/21/2022
Eddy,25,0,0,1/21/2022
Emmons,14,5,0,1/21/2022
Foster,47,5,0,1/21/2022
Golden Valley,15,2,0,1/21/2022
Grand Forks,1262,133,0,1/21/2022
Grant,4,1,0,1/21/2022
Griggs,21,2,0,1/21/2022
Hettinger,107,4,0,1/21/2022
Kidder,12,3,0,1/21/2022
LaMoure,35,3,0,1/21/2022
Logan,13,0,0,1/21/2022
McHenry,36,3,0,1/21/2022
McIntosh,12,2,0,1/21/2022
McKenzie,70,7,0,1/21/2022
McLean,105,10,0,1/21/2022
Mercer,128,12,0,1/21/2022
Morton,419,61,0,1/21/2022
Mountrail,168,21,0,1/21/2022
Nelson,33,0,0,1/21/2022
Oliver,16,1,0,1/21/2022
Pembina,74,11,0,1/21/2022
Pierce,24,3,0,1/21/2022
Ramsey,175,8,0,1/21/2022
Ransom,89,7,0,1/21/2022
Renville,9,0,0,1/21/2022
Richland,239,12,0,1/21/2022
Rolette,504,126,0,1/21/2022
Sargent,47,3,0,1/21/2022
Sheridan,8,1,0,1/21/2022
Sioux,81,11,0,1/21/2022
Slope,1,1,0,1/21/2022
Stark,459,38,0,1/21/2022
Steele,22,2,0,1/21/2022
Stutsman,348,26,0,1/21/2022
Towner,21,1,0,1/21/2022
Traill,125,8,0,1/21/2022
Unknown,0,0,0,1/21/2022
Walsh,146,16,0,1/21/2022
Ward,898,115,0,1/21/2022
Wells,23,2,0,1/21/2022
Williams,436,35,0,1/21/2022
Adams,10,3,0,1/22/2022
Barnes,119,35,0,1/22/2022
Benson,53,16,0,1/22/2022
Billings,4,1,0,1/22/2022
Bottineau,62,14,0,1/22/2022
Bowman,16,9,0,1/22/2022
Burke,13,9,0,1/22/2022
Burleigh,1366,414,0,1/22/2022
Cass,2770,1007,1,1/22/2022
Cavalier,35,14,0,1/22/2022
Dickey,42,18,0,1/22/2022
Divide,24,7,0,1/22/2022
Dunn,20,9,0,1/22/2022
Eddy,21,5,0,1/22/2022
Emmons,15,1,0,1/22/2022
Foster,38,12,0,1/22/2022
Golden Valley,8,7,0,1/22/2022
Grand Forks,998,380,0,1/22/2022
Grant,2,2,0,1/22/2022
Griggs,16,6,0,1/22/2022
Hettinger,104,8,0,1/22/2022
Kidder,11,2,0,1/22/2022
LaMoure,33,6,0,1/22/2022
Logan,11,3,0,1/22/2022
McHenry,30,11,0,1/22/2022
McIntosh,10,4,0,1/22/2022
McKenzie,70,6,1,1/22/2022
McLean,90,24,0,1/22/2022
Mercer,100,36,0,1/22/2022
Morton,367,91,0,1/22/2022
Mountrail,137,45,0,1/22/2022
Nelson,29,5,0,1/22/2022
Oliver,16,1,0,1/22/2022
Pembina,68,13,0,1/22/2022
Pierce,14,13,0,1/22/2022
Ramsey,158,29,0,1/22/2022
Ransom,78,18,0,1/22/2022
Renville,8,1,0,1/22/2022
Richland,199,60,0,1/22/2022
Rolette,468,61,0,1/22/2022
Sargent,43,9,0,1/22/2022
Sheridan,7,1,0,1/22/2022
Sioux,71,20,0,1/22/2022
Slope,1,0,0,1/22/2022
Stark,372,122,0,1/22/2022
Steele,13,10,0,1/22/2022
Stutsman,322,51,1,1/22/2022
Towner,16,5,0,1/22/2022
Traill,105,26,0,1/22/2022
Unknown,0,0,0,1/22/2022
Walsh,129,45,0,1/22/2022
Ward,799,236,0,1/22/2022
Wells,17,7,0,1/22/2022
Williams,370,107,0,1/22/2022
Adams,7,3,0,1/23/2022
Barnes,99,27,0,1/23/2022
Benson,43,16,0,1/23/2022
Billings,3,1,0,1/23/2022
Bottineau,48,17,0,1/23/2022
Bowman,13,3,0,1/23/2022
Burke,11,2,0,1/23/2022
Burleigh,1112,403,1,1/23/2022
Cass,2033,876,1,1/23/2022
Cavalier,25,11,0,1/23/2022
Dickey,27,16,0,1/23/2022
Divide,13,13,0,1/23/2022
Dunn,15,7,0,1/23/2022
Eddy,17,4,0,1/23/2022
Emmons,8,7,0,1/23/2022
Foster,25,13,0,1/23/2022
Golden Valley,7,1,0,1/23/2022
Grand Forks,774,303,1,1/23/2022
Grant,1,1,0,1/23/2022
Griggs,10,6,0,1/23/2022
Hettinger,53,52,0,1/23/2022
Kidder,8,3,0,1/23/2022
LaMoure,18,15,0,1/23/2022
Logan,9,4,0,1/23/2022
McHenry,21,10,0,1/23/2022
McIntosh,8,6,0,1/23/2022
McKenzie,52,22,0,1/23/2022
McLean,77,21,1,1/23/2022
Mercer,78,26,0,1/23/2022
Morton,289,111,1,1/23/2022
Mountrail,103,39,0,1/23/2022
Nelson,15,15,0,1/23/2022
Oliver,11,5,0,1/23/2022
Pembina,56,16,0,1/23/2022
Pierce,11,5,0,1/23/2022
Ramsey,123,39,0,1/23/2022
Ransom,58,21,1,1/23/2022
Renville,6,4,0,1/23/2022
Richland,156,50,0,1/23/2022
Rolette,389,83,0,1/23/2022
Sargent,37,7,0,1/23/2022
Sheridan,5,3,0,1/23/2022
Sioux,64,15,0,1/23/2022
Slope,1,0,0,1/23/2022
Stark,285,113,0,1/23/2022
Steele,11,3,0,1/23/2022
Stutsman,219,112,1,1/23/2022
Towner,14,4,0,1/23/2022
Traill,71,34,1,1/23/2022
Unknown,0,0,0,1/23/2022
Walsh,97,36,0,1/23/2022
Ward,642,201,1,1/23/2022
Wells,8,9,0,1/23/2022
Williams,268,136,0,1/23/2022
Adams,7,5,0,1/24/2022
Barnes,90,41,0,1/24/2022
Benson,50,14,0,1/24/2022
Billings,2,2,0,1/24/2022
Bottineau,45,24,0,1/24/2022
Bowman,10,8,0,1/24/2022
Burke,9,5,0,1/24/2022
Burleigh,1092,313,0,1/24/2022
Cass,2180,700,0,1/24/2022
Cavalier,26,6,0,1/24/2022
Dickey,44,6,0,1/24/2022
Divide,14,2,0,1/24/2022
Dunn,16,5,0,1/24/2022
Eddy,14,6,0,1/24/2022
Emmons,6,2,0,1/24/2022
Foster,20,9,0,1/24/2022
Golden Valley,9,6,0,1/24/2022
Grand Forks,795,287,0,1/24/2022
Grant,1,2,0,1/24/2022
Griggs,10,2,0,1/24/2022
Hettinger,48,9,0,1/24/2022
Kidder,7,4,0,1/24/2022
LaMoure,16,7,0,1/24/2022
Logan,8,2,0,1/24/2022
McHenry,18,10,0,1/24/2022
McIntosh,9,2,0,1/24/2022
McKenzie,37,21,0,1/24/2022
McLean,55,38,0,1/24/2022
Mercer,71,29,0,1/24/2022
Morton,271,87,0,1/24/2022
Mountrail,120,38,0,1/24/2022
Nelson,14,4,0,1/24/2022
Oliver,8,5,0,1/24/2022
Pembina,55,24,0,1/24/2022
Pierce,10,2,0,1/24/2022
Ramsey,88,63,0,1/24/2022
Ransom,61,15,0,1/24/2022
Renville,3,3,0,1/24/2022
Richland,151,57,0,1/24/2022
Rolette,418,34,0,1/24/2022
Sargent,38,18,0,1/24/2022
Sheridan,2,3,0,1/24/2022
Sioux,58,21,0,1/24/2022
Slope,1,0,0,1/24/2022
Stark,293,90,0,1/24/2022
Steele,9,3,0,1/24/2022
Stutsman,196,67,0,1/24/2022
Towner,18,4,1,1/24/2022
Traill,63,26,0,1/24/2022
Unknown,0,0,0,1/24/2022
Walsh,76,38,0,1/24/2022
Ward,585,194,1,1/24/2022
Wells,23,2,0,1/24/2022
Williams,247,101,0,1/24/2022
Adams,8,5,0,1/25/2022
Barnes,88,18,0,1/25/2022
Benson,65,13,0,1/25/2022
Billings,2,1,0,1/25/2022
Bottineau,49,26,0,1/25/2022
Bowman,14,5,0,1/25/2022
Burke,7,5,0,1/25/2022
Burleigh,1093,321,1,1/25/2022
Cass,2091,686,0,1/25/2022
Cavalier,22,10,0,1/25/2022
Dickey,51,10,0,1/25/2022
Divide,14,8,0,1/25/2022
Dunn,18,5,0,1/25/2022
Eddy,10,7,0,1/25/2022
Emmons,11,1,0,1/25/2022
Foster,21,6,0,1/25/2022
Golden Valley,5,7,0,1/25/2022
Grand Forks,791,252,0,1/25/2022
Grant,4,0,0,1/25/2022
Griggs,9,8,0,1/25/2022
Hettinger,48,9,0,1/25/2022
Kidder,9,1,0,1/25/2022
LaMoure,20,6,0,1/25/2022
Logan,8,5,0,1/25/2022
McHenry,22,6,0,1/25/2022
McIntosh,7,3,0,1/25/2022
McKenzie,49,19,0,1/25/2022
McLean,72,19,0,1/25/2022
Mercer,69,21,0,1/25/2022
Morton,256,99,0,1/25/2022
Mountrail,111,41,1,1/25/2022
Nelson,10,7,0,1/25/2022
Oliver,7,5,0,1/25/2022
Pembina,55,16,0,1/25/2022
Pierce,13,3,0,1/25/2022
Ramsey,81,28,0,1/25/2022
Ransom,60,19,1,1/25/2022
Renville,6,2,0,1/25/2022
Richland,139,71,0,1/25/2022
Rolette,452,61,0,1/25/2022
Sargent,37,10,0,1/25/2022
Sheridan,3,1,0,1/25/2022
Sioux,55,13,0,1/25/2022
Slope,1,1,0,1/25/2022
Stark,314,101,0,1/25/2022
Steele,5,6,0,1/25/2022
Stutsman,260,63,0,1/25/2022
Towner,21,6,0,1/25/2022
Traill,56,21,0,1/25/2022
Unknown,0,0,0,1/25/2022
Walsh,68,24,0,1/25/2022
Ward,545,205,2,1/25/2022
Wells,25,2,0,1/25/2022
Williams,255,89,0,1/25/2022
Adams,9,3,0,1/26/2022
Barnes,92,33,0,1/26/2022
Benson,71,8,0,1/26/2022
Billings,1,1,0,1/26/2022
Bottineau,47,17,0,1/26/2022
Bowman,19,2,0,1/26/2022
Burke,10,1,0,1/26/2022
Burleigh,1106,241,0,1/26/2022
Cass,2008,586,2,1/26/2022
Cavalier,20,9,0,1/26/2022
Dickey,53,9,0,1/26/2022
Divide,17,2,0,1/26/2022
Dunn,19,4,0,1/26/2022
Eddy,11,3,0,1/26/2022
Emmons,10,5,0,1/26/2022
Foster,20,8,1,1/26/2022
Golden Valley,4,6,0,1/26/2022
Grand Forks,769,240,0,1/26/2022
Grant,4,0,0,1/26/2022
Griggs,7,4,0,1/26/2022
Hettinger,44,11,0,1/26/2022
Kidder,12,1,0,1/26/2022
LaMoure,21,6,0,1/26/2022
Logan,11,1,0,1/26/2022
McHenry,18,6,1,1/26/2022
McIntosh,7,2,0,1/26/2022
McKenzie,44,17,1,1/26/2022
McLean,75,21,0,1/26/2022
Mercer,72,22,0,1/26/2022
Morton,253,81,1,1/26/2022
Mountrail,100,29,0,1/26/2022
Nelson,12,6,0,1/26/2022
Oliver,7,1,0,1/26/2022
Pembina,63,17,0,1/26/2022
Pierce,20,3,1,1/26/2022
Ramsey,78,30,0,1/26/2022
Ransom,52,18,1,1/26/2022
Renville,7,1,0,1/26/2022
Richland,131,51,0,1/26/2022
Rolette,486,29,0,1/26/2022
Sargent,32,8,0,1/26/2022
Sheridan,7,1,0,1/26/2022
Sioux,47,14,0,1/26/2022
Slope,1,0,0,1/26/2022
Stark,333,82,0,1/26/2022
Steele,6,2,0,1/26/2022
Stutsman,322,35,0,1/26/2022
Towner,27,3,0,1/26/2022
Traill,50,20,0,1/26/2022
Unknown,0,0,0,1/26/2022
Walsh,91,30,0,1/26/2022
Ward,594,271,0,1/26/2022
Wells,25,4,0,1/26/2022
Williams,259,74,0,1/26/2022
Adams,10,3,0,1/27/2022
Barnes,90,13,1,1/27/2022
Benson,86,9,0,1/27/2022
Billings,2,0,0,1/27/2022
Bottineau,53,8,0,1/27/2022
Bowman,25,1,0,1/27/2022
Burke,10,1,0,1/27/2022
Burleigh,1213,198,1,1/27/2022
Cass,2241,299,0,1/27/2022
Cavalier,25,3,0,1/27/2022
Dickey,63,6,0,1/27/2022
Divide,27,1,0,1/27/2022
Dunn,17,4,0,1/27/2022
Eddy,16,0,0,1/27/2022
Emmons,12,4,0,1/27/2022
Foster,24,2,0,1/27/2022
Golden Valley,11,1,0,1/27/2022
Grand Forks,865,124,1,1/27/2022
Grant,7,0,0,1/27/2022
Griggs,6,1,0,1/27/2022
Hettinger,41,6,0,1/27/2022
Kidder,15,3,0,1/27/2022
LaMoure,21,3,0,1/27/2022
Logan,18,2,0,1/27/2022
McHenry,21,2,0,1/27/2022
McIntosh,11,3,0,1/27/2022
McKenzie,53,10,0,1/27/2022
McLean,90,9,0,1/27/2022
Mercer,89,11,0,1/27/2022
Morton,305,47,0,1/27/2022
Mountrail,117,15,0,1/27/2022
Nelson,16,0,0,1/27/2022
Oliver,7,1,0,1/27/2022
Pembina,70,7,0,1/27/2022
Pierce,23,5,0,1/27/2022
Ramsey,91,7,0,1/27/2022
Ransom,53,8,0,1/27/2022
Renville,8,2,0,1/27/2022
Richland,156,8,0,1/27/2022
Rolette,464,69,0,1/27/2022
Sargent,39,6,0,1/27/2022
Sheridan,11,0,0,1/27/2022
Sioux,60,2,0,1/27/2022
Slope,2,0,0,1/27/2022
Stark,414,37,0,1/27/2022
Steele,9,0,0,1/27/2022
Stutsman,375,33,0,1/27/2022
Towner,32,1,0,1/27/2022
Traill,56,11,0,1/27/2022
Unknown,0,0,0,1/27/2022
Walsh,109,13,0,1/27/2022
Ward,553,207,0,1/27/2022
Wells,25,2,0,1/27/2022
Williams,309,41,0,1/27/2022
Adams,16,2,0,1/28/2022
Barnes,100,10,1,1/28/2022
Benson,91,16,0,1/28/2022
Billings,2,1,0,1/28/2022
Bottineau,66,5,1,1/28/2022
Bowman,28,2,0,1/28/2022
Burke,6,4,0,1/28/2022
Burleigh,1125,312,0,1/28/2022
Cass,2323,319,1,1/28/2022
Cavalier,23,2,0,1/28/2022
Dickey,70,7,0,1/28/2022
Divide,29,1,0,1/28/2022
Dunn,17,3,0,1/28/2022
Eddy,17,1,0,1/28/2022
Emmons,12,1,0,1/28/2022
Foster,30,1,0,1/28/2022
Golden Valley,11,4,0,1/28/2022
Grand Forks,890,142,1,1/28/2022
Grant,7,1,0,1/28/2022
Griggs,6,1,0,1/28/2022
Hettinger,43,9,0,1/28/2022
Kidder,13,4,0,1/28/2022
LaMoure,22,1,0,1/28/2022
Logan,16,2,1,1/28/2022
McHenry,24,2,0,1/28/2022
McIntosh,12,2,0,1/28/2022
McKenzie,57,12,0,1/28/2022
McLean,93,19,0,1/28/2022
Mercer,94,11,0,1/28/2022
Morton,319,50,0,1/28/2022
Mountrail,134,8,0,1/28/2022
Nelson,22,2,0,1/28/2022
Oliver,8,1,0,1/28/2022
Pembina,74,5,0,1/28/2022
Pierce,23,4,0,1/28/2022
Ramsey,111,6,0,1/28/2022
Ransom,58,6,0,1/28/2022
Renville,10,0,0,1/28/2022
Richland,157,17,0,1/28/2022
Rolette,396,84,0,1/28/2022
Sargent,46,1,0,1/28/2022
Sheridan,7,5,0,1/28/2022
Sioux,67,8,0,1/28/2022
Slope,2,0,0,1/28/2022
Stark,463,53,0,1/28/2022
Steele,11,2,0,1/28/2022
Stutsman,371,72,0,1/28/2022
Towner,33,2,0,1/28/2022
Traill,60,8,0,1/28/2022
Unknown,0,0,0,1/28/2022
Walsh,122,12,0,1/28/2022
Ward,630,72,0,1/28/2022
Wells,24,1,0,1/28/2022
Williams,328,35,0,1/28/2022
Adams,14,4,0,1/29/2022
Barnes,71,36,0,1/29/2022
Benson,63,32,0,1/29/2022
Billings,2,0,0,1/29/2022
Bottineau,60,20,0,1/29/2022
Bowman,25,8,0,1/29/2022
Burke,5,2,0,1/29/2022
Burleigh,906,329,0,1/29/2022
Cass,1671,824,0,1/29/2022
Cavalier,16,8,0,1/29/2022
Dickey,51,25,1,1/29/2022
Divide,21,8,0,1/29/2022
Dunn,13,5,0,1/29/2022
Eddy,13,4,0,1/29/2022
Emmons,12,2,0,1/29/2022
Foster,24,6,0,1/29/2022
Golden Valley,10,5,0,1/29/2022
Grand Forks,647,297,0,1/29/2022
Grant,8,1,0,1/29/2022
Griggs,5,2,0,1/29/2022
Hettinger,34,11,0,1/29/2022
Kidder,10,3,0,1/29/2022
LaMoure,23,1,0,1/29/2022
Logan,14,3,0,1/29/2022
McHenry,17,10,0,1/29/2022
McIntosh,8,5,0,1/29/2022
McKenzie,48,17,0,1/29/2022
McLean,71,27,0,1/29/2022
Mercer,70,32,0,1/29/2022
Morton,256,98,0,1/29/2022
Mountrail,81,55,0,1/29/2022
Nelson,23,4,0,1/29/2022
Oliver,8,2,0,1/29/2022
Pembina,47,30,0,1/29/2022
Pierce,18,8,0,1/29/2022
Ramsey,85,35,0,1/29/2022
Ransom,47,18,0,1/29/2022
Renville,9,5,0,1/29/2022
Richland,108,58,0,1/29/2022
Rolette,365,53,0,1/29/2022
Sargent,32,17,0,1/29/2022
Sheridan,7,0,0,1/29/2022
Sioux,68,4,0,1/29/2022
Slope,2,0,0,1/29/2022
Stark,356,142,0,1/29/2022
Steele,12,1,0,1/29/2022
Stutsman,321,74,0,1/29/2022
Towner,21,13,0,1/29/2022
Traill,47,18,0,1/29/2022
Unknown,0,0,0,1/29/2022
Walsh,108,38,0,1/29/2022
Ward,511,201,0,1/29/2022
Wells,8,16,0,1/29/2022
Williams,223,131,0,1/29/2022
Adams,10,5,0,1/30/2022
Barnes,55,18,0,1/30/2022
Benson,46,17,0,1/30/2022
Billings,2,0,0,1/30/2022
Bottineau,42,22,0,1/30/2022
Bowman,19,7,0,1/30/2022
Burke,3,2,0,1/30/2022
Burleigh,740,262,0,1/30/2022
Cass,1243,506,1,1/30/2022
Cavalier,9,7,0,1/30/2022
Dickey,37,16,0,1/30/2022
Divide,13,8,0,1/30/2022
Dunn,10,6,0,1/30/2022
Eddy,9,4,0,1/30/2022
Emmons,8,5,0,1/30/2022
Foster,20,6,0,1/30/2022
Golden Valley,7,3,0,1/30/2022
Grand Forks,451,222,0,1/30/2022
Grant,5,3,0,1/30/2022
Griggs,3,3,0,1/30/2022
Hettinger,21,13,0,1/30/2022
Kidder,9,2,0,1/30/2022
LaMoure,9,14,0,1/30/2022
Logan,9,5,0,1/30/2022
McHenry,13,7,0,1/30/2022
McIntosh,7,3,0,1/30/2022
McKenzie,29,21,0,1/30/2022
McLean,45,28,0,1/30/2022
Mercer,62,12,0,1/30/2022
Morton,204,76,0,1/30/2022
Mountrail,58,26,0,1/30/2022
Nelson,19,5,0,1/30/2022
Oliver,6,3,0,1/30/2022
Pembina,33,18,0,1/30/2022
Pierce,18,5,0,1/30/2022
Ramsey,73,20,0,1/30/2022
Ransom,31,18,0,1/30/2022
Renville,9,1,0,1/30/2022
Richland,77,34,0,1/30/2022
Rolette,285,83,0,1/30/2022
Sargent,23,10,0,1/30/2022
Sheridan,6,1,0,1/30/2022
Sioux,68,1,0,1/30/2022
Slope,2,0,0,1/30/2022
Stark,272,97,0,1/30/2022
Steele,9,4,0,1/30/2022
Stutsman,243,85,0,1/30/2022
Towner,15,7,0,1/30/2022
Traill,32,15,0,1/30/2022
Unknown,0,0,0,1/30/2022
Walsh,73,39,0,1/30/2022
Ward,393,148,0,1/30/2022
Wells,8,1,0,1/30/2022
Williams,173,67,0,1/30/2022
Adams,8,4,0,1/31/2022
Barnes,65,25,1,1/31/2022
Benson,40,19,0,1/31/2022
Billings,2,0,0,1/31/2022
Bottineau,43,9,0,1/31/2022
Bowman,12,12,0,1/31/2022
Burke,2,2,0,1/31/2022
Burleigh,730,222,0,1/31/2022
Cass,1247,488,0,1/31/2022
Cavalier,7,7,0,1/31/2022
Dickey,36,10,0,1/31/2022
Divide,9,7,0,1/31/2022
Dunn,18,5,0,1/31/2022
Eddy,11,4,0,1/31/2022
Emmons,14,7,0,1/31/2022
Foster,19,10,0,1/31/2022
Golden Valley,8,2,0,1/31/2022
Grand Forks,514,175,0,1/31/2022
Grant,6,1,0,1/31/2022
Griggs,3,2,0,1/31/2022
Hettinger,21,7,0,1/31/2022
Kidder,5,7,0,1/31/2022
LaMoure,8,4,0,1/31/2022
Logan,7,5,0,1/31/2022
McHenry,17,2,0,1/31/2022
McIntosh,7,2,0,1/31/2022
McKenzie,33,11,0,1/31/2022
McLean,40,19,0,1/31/2022
Mercer,56,27,0,1/31/2022
Morton,193,68,0,1/31/2022
Mountrail,68,21,0,1/31/2022
Nelson,13,8,0,1/31/2022
Oliver,7,0,0,1/31/2022
Pembina,29,20,0,1/31/2022
Pierce,17,4,0,1/31/2022
Ramsey,77,33,0,1/31/2022
Ransom,33,10,0,1/31/2022
Renville,9,2,0,1/31/2022
Richland,68,33,0,1/31/2022
Rolette,303,38,0,1/31/2022
Sargent,25,7,0,1/31/2022
Sheridan,6,3,0,1/31/2022
Sioux,68,3,0,1/31/2022
Slope,1,1,0,1/31/2022
Stark,265,99,0,1/31/2022
Steele,10,6,0,1/31/2022
Stutsman,214,71,0,1/31/2022
Towner,15,7,0,1/31/2022
Traill,34,11,0,1/31/2022
Unknown,0,0,0,1/31/2022
Walsh,60,25,0,1/31/2022
Ward,357,153,0,1/31/2022
Wells,12,3,0,1/31/2022
Williams,166,79,0,1/31/2022
Adams,7,3,0,2/1/2022
Barnes,62,10,0,2/1/2022
Benson,31,14,0,2/1/2022
Billings,1,1,0,2/1/2022
Bottineau,42,12,0,2/1/2022
Bowman,9,6,0,2/1/2022
Burke,1,1,0,2/1/2022
Burleigh,707,201,0,2/1/2022
Cass,1214,362,1,2/1/2022
Cavalier,6,2,0,2/1/2022
Dickey,34,10,0,2/1/2022
Divide,6,4,0,2/1/2022
Dunn,18,3,0,2/1/2022
Eddy,7,5,0,2/1/2022
Emmons,12,6,0,2/1/2022
Foster,25,4,0,2/1/2022
Golden Valley,5,4,0,2/1/2022
Grand Forks,456,161,0,2/1/2022
Grant,7,2,0,2/1/2022
Griggs,4,0,0,2/1/2022
Hettinger,16,9,0,2/1/2022
Kidder,5,3,0,2/1/2022
LaMoure,8,2,0,2/1/2022
Logan,6,1,0,2/1/2022
McHenry,12,9,0,2/1/2022
McIntosh,5,4,0,2/1/2022
McKenzie,40,11,0,2/1/2022
McLean,44,9,0,2/1/2022
Mercer,49,21,0,2/1/2022
Morton,208,59,0,2/1/2022
Mountrail,58,21,0,2/1/2022
Nelson,13,3,0,2/1/2022
Oliver,8,0,0,2/1/2022
Pembina,25,6,0,2/1/2022
Pierce,17,3,0,2/1/2022
Ramsey,87,9,1,2/1/2022
Ransom,41,11,0,2/1/2022
Renville,9,2,0,2/1/2022
Richland,60,30,0,2/1/2022
Rolette,324,27,0,2/1/2022
Sargent,23,11,0,2/1/2022
Sheridan,5,2,0,2/1/2022
Sioux,69,7,0,2/1/2022
Slope,0,1,0,2/1/2022
Stark,259,80,1,2/1/2022
Steele,8,3,0,2/1/2022
Stutsman,216,46,0,2/1/2022
Towner,12,4,0,2/1/2022
Traill,25,13,0,2/1/2022
Unknown,0,0,0,2/1/2022
Walsh,44,30,0,2/1/2022
Ward,335,122,1,2/1/2022
Wells,13,2,0,2/1/2022
Williams,152,56,1,2/1/2022
Adams,5,3,0,2/2/2022
Barnes,56,22,0,2/2/2022
Benson,33,14,0,2/2/2022
Billings,0,1,0,2/2/2022
Bottineau,35,18,0,2/2/2022
Bowman,13,4,0,2/2/2022
Burke,1,1,0,2/2/2022
Burleigh,676,191,0,2/2/2022
Cass,1184,372,0,2/2/2022
Cavalier,11,2,0,2/2/2022
Dickey,30,13,0,2/2/2022
Divide,7,3,0,2/2/2022
Dunn,15,5,0,2/2/2022
Eddy,11,2,0,2/2/2022
Emmons,12,1,0,2/2/2022
Foster,20,9,0,2/2/2022
Golden Valley,4,3,0,2/2/2022
Grand Forks,419,150,0,2/2/2022
Grant,7,1,0,2/2/2022
Griggs,5,2,0,2/2/2022
Hettinger,13,5,0,2/2/2022
Kidder,3,2,0,2/2/2022
LaMoure,10,4,0,2/2/2022
Logan,6,1,0,2/2/2022
McHenry,13,3,0,2/2/2022
McIntosh,10,0,0,2/2/2022
McKenzie,44,14,0,2/2/2022
McLean,42,11,0,2/2/2022
Mercer,44,16,0,2/2/2022
Morton,208,51,0,2/2/2022
Mountrail,55,22,0,2/2/2022
Nelson,9,6,0,2/2/2022
Oliver,3,6,0,2/2/2022
Pembina,28,10,0,2/2/2022
Pierce,13,5,0,2/2/2022
Ramsey,105,20,1,2/2/2022
Ransom,41,9,0,2/2/2022
Renville,11,3,0,2/2/2022
Richland,54,18,0,2/2/2022
Rolette,317,43,0,2/2/2022
Sargent,20,10,0,2/2/2022
Sheridan,6,3,0,2/2/2022
Sioux,71,4,0,2/2/2022
Slope,0,0,0,2/2/2022
Stark,242,87,0,2/2/2022
Steele,5,4,0,2/2/2022
Stutsman,257,32,0,2/2/2022
Towner,15,2,0,2/2/2022
Traill,25,10,0,2/2/2022
Unknown,0,0,0,2/2/2022
Walsh,40,24,0,2/2/2022
Ward,355,135,0,2/2/2022
Wells,18,0,0,2/2/2022
Williams,129,69,0,2/2/2022
Adams,3,3,0,2/3/2022
Barnes,67,10,0,2/3/2022
Benson,38,5,0,2/3/2022
Billings,0,0,0,2/3/2022
Bottineau,33,7,0,2/3/2022
Bowman,15,4,0,2/3/2022
Burke,3,1,0,2/3/2022
Burleigh,691,153,1,2/3/2022
Cass,1283,190,1,2/3/2022
Cavalier,16,1,0,2/3/2022
Dickey,31,1,0,2/3/2022
Divide,8,1,0,2/3/2022
Dunn,16,2,0,2/3/2022
Eddy,9,4,0,2/3/2022
Emmons,13,3,0,2/3/2022
Foster,23,1,0,2/3/2022
Golden Valley,4,0,0,2/3/2022
Grand Forks,463,73,1,2/3/2022
Grant,4,4,0,2/3/2022
Griggs,6,0,0,2/3/2022
Hettinger,13,2,0,2/3/2022
Kidder,7,0,0,2/3/2022
LaMoure,15,1,0,2/3/2022
Logan,6,1,0,2/3/2022
McHenry,19,0,0,2/3/2022
McIntosh,12,2,0,2/3/2022
McKenzie,46,5,0,2/3/2022
McLean,41,7,0,2/3/2022
Mercer,40,9,0,2/3/2022
Morton,205,51,0,2/3/2022
Mountrail,64,11,0,2/3/2022
Nelson,16,0,0,2/3/2022
Oliver,3,1,0,2/3/2022
Pembina,32,3,0,2/3/2022
Pierce,13,3,0,2/3/2022
Ramsey,119,14,1,2/3/2022
Ransom,41,5,0,2/3/2022
Renville,10,7,0,2/3/2022
Richland,72,12,0,2/3/2022
Rolette,277,61,0,2/3/2022
Sargent,21,2,0,2/3/2022
Sheridan,4,2,0,2/3/2022
Sioux,74,4,0,2/3/2022
Slope,0,0,0,2/3/2022
Stark,241,33,1,2/3/2022
Steele,5,0,0,2/3/2022
Stutsman,209,101,1,2/3/2022
Towner,16,2,0,2/3/2022
Traill,22,3,0,2/3/2022
Unknown,0,0,0,2/3/2022
Walsh,48,4,0,2/3/2022
Ward,361,67,0,2/3/2022
Wells,17,1,0,2/3/2022
Williams,129,27,0,2/3/2022
Adams,3,2,0,2/4/2022
Barnes,74,8,0,2/4/2022
Benson,45,4,0,2/4/2022
Billings,0,0,0,2/4/2022
Bottineau,33,5,0,2/4/2022
Bowman,16,3,0,2/4/2022
Burke,3,0,0,2/4/2022
Burleigh,635,161,0,2/4/2022
Cass,1294,186,0,2/4/2022
Cavalier,22,0,0,2/4/2022
Dickey,29,6,0,2/4/2022
Divide,7,1,0,2/4/2022
Dunn,12,5,0,2/4/2022
Eddy,9,1,0,2/4/2022
Emmons,13,3,0,2/4/2022
Foster,25,4,0,2/4/2022
Golden Valley,5,1,0,2/4/2022
Grand Forks,478,89,1,2/4/2022
Grant,3,2,0,2/4/2022
Griggs,8,1,0,2/4/2022
Hettinger,10,3,0,2/4/2022
Kidder,8,1,0,2/4/2022
LaMoure,14,2,0,2/4/2022
Logan,4,3,0,2/4/2022
McHenry,23,3,0,2/4/2022
McIntosh,11,4,0,2/4/2022
McKenzie,42,12,0,2/4/2022
McLean,38,10,0,2/4/2022
Mercer,35,8,0,2/4/2022
Morton,193,46,0,2/4/2022
Mountrail,74,9,0,2/4/2022
Nelson,18,1,0,2/4/2022
Oliver,3,0,0,2/4/2022
Pembina,38,6,0,2/4/2022
Pierce,11,3,0,2/4/2022
Ramsey,119,15,1,2/4/2022
Ransom,40,7,0,2/4/2022
Renville,11,0,0,2/4/2022
Richland,89,4,0,2/4/2022
Rolette,251,51,0,2/4/2022
Sargent,24,2,0,2/4/2022
Sheridan,5,0,0,2/4/2022
Sioux,75,1,0,2/4/2022
Slope,0,0,0,2/4/2022
Stark,265,31,0,2/4/2022
Steele,4,1,0,2/4/2022
Stutsman,196,35,0,2/4/2022
Towner,19,3,0,2/4/2022
Traill,23,2,1,2/4/2022
Unknown,0,0,0,2/4/2022
Walsh,47,10,0,2/4/2022
Ward,361,49,0,2/4/2022
Wells,17,2,0,2/4/2022
Williams,138,16,0,2/4/2022
Adams,4,1,0,2/5/2022
Barnes,51,28,1,2/5/2022
Benson,36,13,0,2/5/2022
Billings,0,0,0,2/5/2022
Bottineau,28,7,0,2/5/2022
Bowman,13,3,0,2/5/2022
Burke,2,1,0,2/5/2022
Burleigh,542,164,0,2/5/2022
Cass,925,463,2,2/5/2022
Cavalier,18,8,0,2/5/2022
Dickey,29,5,0,2/5/2022
Divide,4,3,0,2/5/2022
Dunn,10,5,0,2/5/2022
Eddy,8,2,0,2/5/2022
Emmons,9,4,0,2/5/2022
Foster,20,7,0,2/5/2022
Golden Valley,4,1,0,2/5/2022
Grand Forks,334,184,0,2/5/2022
Grant,3,1,0,2/5/2022
Griggs,6,2,0,2/5/2022
Hettinger,7,4,0,2/5/2022
Kidder,6,2,0,2/5/2022
LaMoure,12,4,0,2/5/2022
Logan,4,0,0,2/5/2022
McHenry,17,11,0,2/5/2022
McIntosh,9,4,0,2/5/2022
McKenzie,30,16,0,2/5/2022
McLean,33,10,0,2/5/2022
Mercer,24,14,0,2/5/2022
Morton,157,52,0,2/5/2022
Mountrail,51,28,1,2/5/2022
Nelson,9,11,0,2/5/2022
Oliver,1,2,0,2/5/2022
Pembina,24,15,0,2/5/2022
Pierce,9,4,0,2/5/2022
Ramsey,102,28,0,2/5/2022
Ransom,25,19,0,2/5/2022
Renville,8,4,0,2/5/2022
Richland,65,30,0,2/5/2022
Rolette,200,59,0,2/5/2022
Sargent,24,5,0,2/5/2022
Sheridan,3,1,1,2/5/2022
Sioux,73,3,0,2/5/2022
Slope,0,0,0,2/5/2022
Stark,181,101,0,2/5/2022
Steele,1,3,0,2/5/2022
Stutsman,152,50,0,2/5/2022
Towner,12,7,0,2/5/2022
Traill,17,9,0,2/5/2022
Unknown,0,0,0,2/5/2022
Walsh,31,20,0,2/5/2022
Ward,293,118,0,2/5/2022
Wells,12,6,0,2/5/2022
Williams,97,63,0,2/5/2022
Adams,4,0,0,2/6/2022
Barnes,42,11,0,2/6/2022
Benson,34,7,0,2/6/2022
Billings,0,0,0,2/6/2022
Bottineau,18,11,0,2/6/2022
Bowman,9,6,0,2/6/2022
Burke,2,0,0,2/6/2022
Burleigh,428,169,0,2/6/2022
Cass,689,272,1,2/6/2022
Cavalier,15,4,0,2/6/2022
Dickey,25,5,0,2/6/2022
Divide,2,2,0,2/6/2022
Dunn,9,3,0,2/6/2022
Eddy,7,2,0,2/6/2022
Emmons,7,3,0,2/6/2022
Foster,18,4,0,2/6/2022
Golden Valley,4,0,0,2/6/2022
Grand Forks,268,91,0,2/6/2022
Grant,2,1,0,2/6/2022
Griggs,7,0,0,2/6/2022
Hettinger,4,3,0,2/6/2022
Kidder,7,0,0,2/6/2022
LaMoure,9,3,0,2/6/2022
Logan,2,2,0,2/6/2022
McHenry,15,3,0,2/6/2022
McIntosh,8,1,0,2/6/2022
McKenzie,21,11,0,2/6/2022
McLean,25,12,0,2/6/2022
Mercer,19,9,0,2/6/2022
Morton,127,44,0,2/6/2022
Mountrail,45,8,0,2/6/2022
Nelson,7,2,1,2/6/2022
Oliver,1,0,0,2/6/2022
Pembina,22,4,0,2/6/2022
Pierce,8,1,0,2/6/2022
Ramsey,88,21,1,2/6/2022
Ransom,22,6,0,2/6/2022
Renville,6,3,0,2/6/2022
Richland,48,18,0,2/6/2022
Rolette,179,24,0,2/6/2022
Sargent,19,6,0,2/6/2022
Sheridan,1,2,0,2/6/2022
Sioux,73,1,0,2/6/2022
Slope,0,0,0,2/6/2022
Stark,137,54,0,2/6/2022
Steele,0,1,0,2/6/2022
Stutsman,132,27,0,2/6/2022
Towner,10,3,0,2/6/2022
Traill,8,9,0,2/6/2022
Unknown,0,0,0,2/6/2022
Walsh,26,9,0,2/6/2022
Ward,225,99,0,2/6/2022
Wells,10,3,0,2/6/2022
Williams,69,34,0,2/6/2022
Adams,3,1,0,2/7/2022
Barnes,46,17,0,2/7/2022
Benson,36,11,0,2/7/2022
Billings,0,0,0,2/7/2022
Bottineau,17,10,0,2/7/2022
Bowman,11,3,0,2/7/2022
Burke,3,0,0,2/7/2022
Burleigh,436,120,1,2/7/2022
Cass,617,308,2,2/7/2022
Cavalier,15,6,0,2/7/2022
Dickey,21,7,0,2/7/2022
Divide,2,1,0,2/7/2022
Dunn,12,3,0,2/7/2022
Eddy,5,3,0,2/7/2022
Emmons,6,2,0,2/7/2022
Foster,19,4,0,2/7/2022
Golden Valley,2,2,0,2/7/2022
Grand Forks,272,111,0,2/7/2022
Grant,2,0,0,2/7/2022
Griggs,8,0,0,2/7/2022
Hettinger,6,2,0,2/7/2022
Kidder,5,4,0,2/7/2022
LaMoure,9,3,0,2/7/2022
Logan,2,1,0,2/7/2022
McHenry,8,9,0,2/7/2022
McIntosh,6,2,0,2/7/2022
McKenzie,17,11,0,2/7/2022
McLean,15,14,0,2/7/2022
Mercer,19,8,0,2/7/2022
Morton,113,55,1,2/7/2022
Mountrail,51,18,0,2/7/2022
Nelson,6,2,0,2/7/2022
Oliver,0,1,0,2/7/2022
Pembina,17,14,0,2/7/2022
Pierce,6,4,0,2/7/2022
Ramsey,77,30,0,2/7/2022
Ransom,21,8,0,2/7/2022
Renville,3,3,0,2/7/2022
Richland,51,15,0,2/7/2022
Rolette,176,30,1,2/7/2022
Sargent,17,6,0,2/7/2022
Sheridan,6,0,0,2/7/2022
Sioux,76,1,0,2/7/2022
Slope,0,0,0,2/7/2022
Stark,133,56,0,2/7/2022
Steele,0,0,0,2/7/2022
Stutsman,80,66,0,2/7/2022
Towner,5,5,0,2/7/2022
Traill,12,5,0,2/7/2022
Unknown,0,0,0,2/7/2022
Walsh,19,16,0,2/7/2022
Ward,200,115,0,2/7/2022
Wells,8,3,0,2/7/2022
Williams,58,34,0,2/7/2022
Adams,3,0,0,2/8/2022
Barnes,43,13,0,2/8/2022
Benson,45,10,0,2/8/2022
Billings,0,0,0,2/8/2022
Bottineau,20,4,0,2/8/2022
Bowman,7,5,0,2/8/2022
Burke,2,2,0,2/8/2022
Burleigh,447,110,0,2/8/2022
Cass,598,224,0,2/8/2022
Cavalier,12,5,0,2/8/2022
Dickey,21,5,0,2/8/2022
Divide,2,0,0,2/8/2022
Dunn,10,3,0,2/8/2022
Eddy,10,1,0,2/8/2022
Emmons,4,3,0,2/8/2022
Foster,19,3,0,2/8/2022
Golden Valley,3,0,0,2/8/2022
Grand Forks,240,88,1,2/8/2022
Grant,2,0,0,2/8/2022
Griggs,4,5,0,2/8/2022
Hettinger,3,4,0,2/8/2022
Kidder,5,2,0,2/8/2022
LaMoure,11,1,0,2/8/2022
Logan,2,0,0,2/8/2022
McHenry,8,2,0,2/8/2022
McIntosh,12,3,0,2/8/2022
McKenzie,17,7,0,2/8/2022
McLean,13,6,0,2/8/2022
Mercer,21,5,0,2/8/2022
Morton,115,30,0,2/8/2022
Mountrail,53,12,0,2/8/2022
Nelson,4,4,0,2/8/2022
Oliver,1,0,0,2/8/2022
Pembina,16,7,0,2/8/2022
Pierce,11,1,0,2/8/2022
Ramsey,89,14,0,2/8/2022
Ransom,22,7,1,2/8/2022
Renville,3,1,0,2/8/2022
Richland,40,16,0,2/8/2022
Rolette,201,29,1,2/8/2022
Sargent,23,2,0,2/8/2022
Sheridan,7,0,0,2/8/2022
Sioux,76,0,0,2/8/2022
Slope,0,0,0,2/8/2022
Stark,124,42,1,2/8/2022
Steele,1,0,0,2/8/2022
Stutsman,95,26,0,2/8/2022
Towner,4,3,0,2/8/2022
Traill,16,2,0,2/8/2022
Unknown,0,0,0,2/8/2022
Walsh,15,11,0,2/8/2022
Ward,215,52,1,2/8/2022
Wells,9,0,0,2/8/2022
Williams,62,16,0,2/8/2022
Adams,2,1,0,2/9/2022
Barnes,39,18,0,2/9/2022
Benson,35,15,0,2/9/2022
Billings,0,0,0,2/9/2022
Bottineau,18,6,0,2/9/2022
Bowman,10,1,0,2/9/2022
Burke,2,0,0,2/9/2022
Burleigh,443,89,0,2/9/2022
Cass,584,168,1,2/9/2022
Cavalier,14,2,0,2/9/2022
Dickey,21,8,0,2/9/2022
Divide,2,0,0,2/9/2022
Dunn,7,4,0,2/9/2022
Eddy,13,1,0,2/9/2022
Emmons,8,1,0,2/9/2022
Foster,19,3,0,2/9/2022
Golden Valley,3,2,0,2/9/2022
Grand Forks,244,84,1,2/9/2022
Grant,1,1,0,2/9/2022
Griggs,4,0,0,2/9/2022
Hettinger,2,1,0,2/9/2022
Kidder,6,0,0,2/9/2022
LaMoure,12,4,0,2/9/2022
Logan,3,0,0,2/9/2022
McHenry,6,5,0,2/9/2022
McIntosh,21,7,0,2/9/2022
McKenzie,25,1,0,2/9/2022
McLean,12,5,0,2/9/2022
Mercer,18,6,0,2/9/2022
Morton,102,34,0,2/9/2022
Mountrail,47,18,0,2/9/2022
Nelson,4,1,0,2/9/2022
Oliver,1,0,0,2/9/2022
Pembina,19,5,0,2/9/2022
Pierce,11,2,0,2/9/2022
Ramsey,109,9,0,2/9/2022
Ransom,21,3,0,2/9/2022
Renville,2,2,0,2/9/2022
Richland,44,9,0,2/9/2022
Rolette,207,21,0,2/9/2022
Sargent,25,4,0,2/9/2022
Sheridan,7,1,0,2/9/2022
Sioux,80,1,0,2/9/2022
Slope,1,0,0,2/9/2022
Stark,122,39,0,2/9/2022
Steele,1,0,0,2/9/2022
Stutsman,110,22,0,2/9/2022
Towner,4,1,0,2/9/2022
Traill,15,5,0,2/9/2022
Unknown,0,0,0,2/9/2022
Walsh,19,4,0,2/9/2022
Ward,198,73,0,2/9/2022
Wells,7,2,0,2/9/2022
Williams,62,22,0,2/9/2022
Adams,8,1,0,2/10/2022
Barnes,36,7,0,2/10/2022
Benson,41,3,0,2/10/2022
Billings,1,0,0,2/10/2022
Bottineau,21,4,0,2/10/2022
Bowman,8,3,0,2/10/2022
Burke,2,1,0,2/10/2022
Burleigh,443,108,1,2/10/2022
Cass,624,102,1,2/10/2022
Cavalier,15,2,0,2/10/2022
Dickey,12,10,0,2/10/2022
Divide,1,2,0,2/10/2022
Dunn,10,2,0,2/10/2022
Eddy,14,3,0,2/10/2022
Emmons,8,1,0,2/10/2022
Foster,18,3,0,2/10/2022
Golden Valley,3,0,0,2/10/2022
Grand Forks,267,50,0,2/10/2022
Grant,1,0,0,2/10/2022
Griggs,3,1,0,2/10/2022
Hettinger,4,1,0,2/10/2022
Kidder,8,1,0,2/10/2022
LaMoure,18,1,0,2/10/2022
Logan,5,0,0,2/10/2022
McHenry,8,1,0,2/10/2022
McIntosh,17,5,0,2/10/2022
McKenzie,27,5,0,2/10/2022
McLean,10,4,0,2/10/2022
Mercer,13,8,0,2/10/2022
Morton,113,19,0,2/10/2022
Mountrail,52,4,0,2/10/2022
Nelson,5,1,0,2/10/2022
Oliver,2,0,0,2/10/2022
Pembina,13,7,0,2/10/2022
Pierce,9,3,0,2/10/2022
Ramsey,104,19,0,2/10/2022
Ransom,20,7,0,2/10/2022
Renville,3,0,0,2/10/2022
Richland,36,11,0,2/10/2022
Rolette,197,39,0,2/10/2022
Sargent,23,5,0,2/10/2022
Sheridan,9,2,0,2/10/2022
Sioux,13,69,0,2/10/2022
Slope,1,0,0,2/10/2022
Stark,114,29,0,2/10/2022
Steele,1,0,0,2/10/2022
Stutsman,97,41,0,2/10/2022
Towner,6,0,0,2/10/2022
Traill,19,4,0,2/10/2022
Unknown,0,0,0,2/10/2022
Walsh,25,3,0,2/10/2022
Ward,196,56,0,2/10/2022
Wells,4,4,0,2/10/2022
Williams,73,15,0,2/10/2022
Adams,11,1,0,2/11/2022
Barnes,40,5,0,2/11/2022
Benson,45,4,0,2/11/2022
Billings,1,0,0,2/11/2022
Bottineau,21,4,0,2/11/2022
Bowman,9,0,0,2/11/2022
Burke,2,0,0,2/11/2022
Burleigh,413,89,1,2/11/2022
Cass,624,101,1,2/11/2022
Cavalier,15,3,0,2/11/2022
Dickey,11,1,0,2/11/2022
Divide,0,1,0,2/11/2022
Dunn,9,6,0,2/11/2022
Eddy,16,2,0,2/11/2022
Emmons,6,2,0,2/11/2022
Foster,20,2,0,2/11/2022
Golden Valley,2,1,0,2/11/2022
Grand Forks,252,63,0,2/11/2022
Grant,1,1,0,2/11/2022
Griggs,3,0,0,2/11/2022
Hettinger,4,1,0,2/11/2022
Kidder,7,1,0,2/11/2022
LaMoure,14,4,0,2/11/2022
Logan,5,0,0,2/11/2022
McHenry,11,1,0,2/11/2022
McIntosh,17,0,0,2/11/2022
McKenzie,33,2,0,2/11/2022
McLean,15,2,0,2/11/2022
Mercer,15,2,0,2/11/2022
Morton,111,19,0,2/11/2022
Mountrail,51,8,0,2/11/2022
Nelson,6,2,0,2/11/2022
Oliver,4,0,0,2/11/2022
Pembina,14,3,0,2/11/2022
Pierce,9,2,0,2/11/2022
Ramsey,102,10,0,2/11/2022
Ransom,25,2,0,2/11/2022
Renville,2,1,0,2/11/2022
Richland,32,4,0,2/11/2022
Rolette,202,25,0,2/11/2022
Sargent,22,2,0,2/11/2022
Sheridan,8,1,0,2/11/2022
Sioux,14,0,0,2/11/2022
Slope,0,1,0,2/11/2022
Stark,125,17,0,2/11/2022
Steele,1,0,0,2/11/2022
Stutsman,97,11,0,2/11/2022
Towner,8,2,0,2/11/2022
Traill,19,2,1,2/11/2022
Unknown,0,0,0,2/11/2022
Walsh,29,4,0,2/11/2022
Ward,191,48,0,2/11/2022
Wells,5,1,0,2/11/2022
Williams,75,12,0,2/11/2022
Adams,11,0,0,2/12/2022
Barnes,25,16,0,2/12/2022
Benson,37,9,0,2/12/2022
Billings,1,0,0,2/12/2022
Bottineau,18,7,0,2/12/2022
Bowman,6,3,0,2/12/2022
Burke,1,2,0,2/12/2022
Burleigh,331,103,0,2/12/2022
Cass,469,194,1,2/12/2022
Cavalier,9,6,0,2/12/2022
Dickey,11,0,0,2/12/2022
Divide,0,0,0,2/12/2022
Dunn,4,5,0,2/12/2022
Eddy,15,1,0,2/12/2022
Emmons,5,1,0,2/12/2022
Foster,13,7,0,2/12/2022
Golden Valley,2,1,0,2/12/2022
Grand Forks,206,73,0,2/12/2022
Grant,1,0,0,2/12/2022
Griggs,2,1,0,2/12/2022
Hettinger,2,2,0,2/12/2022
Kidder,5,2,0,2/12/2022
LaMoure,9,6,0,2/12/2022
Logan,4,1,0,2/12/2022
McHenry,8,4,0,2/12/2022
McIntosh,15,2,0,2/12/2022
McKenzie,24,11,0,2/12/2022
McLean,16,2,0,2/12/2022
Mercer,11,4,1,2/12/2022
Morton,92,33,0,2/12/2022
Mountrail,35,18,0,2/12/2022
Nelson,3,3,0,2/12/2022
Oliver,3,1,0,2/12/2022
Pembina,11,4,0,2/12/2022
Pierce,7,4,0,2/12/2022
Ramsey,100,16,1,2/12/2022
Ransom,20,7,0,2/12/2022
Renville,1,1,0,2/12/2022
Richland,24,11,0,2/12/2022
Rolette,189,20,0,2/12/2022
Sargent,19,3,0,2/12/2022
Sheridan,4,6,0,2/12/2022
Sioux,15,1,0,2/12/2022
Slope,0,0,0,2/12/2022
Stark,96,42,0,2/12/2022
Steele,1,0,0,2/12/2022
Stutsman,69,33,0,2/12/2022
Towner,7,1,0,2/12/2022
Traill,15,5,0,2/12/2022
Unknown,0,0,0,2/12/2022
Walsh,27,5,0,2/12/2022
Ward,162,48,0,2/12/2022
Wells,5,0,0,2/12/2022
Williams,67,16,0,2/12/2022
Adams,10,1,0,2/13/2022
Barnes,20,7,0,2/13/2022
Benson,30,11,0,2/13/2022
Billings,1,0,0,2/13/2022
Bottineau,17,2,0,2/13/2022
Bowman,5,1,0,2/13/2022
Burke,1,0,0,2/13/2022
Burleigh,261,86,0,2/13/2022
Cass,334,150,0,2/13/2022
Cavalier,6,3,0,2/13/2022
Dickey,8,3,0,2/13/2022
Divide,1,0,0,2/13/2022
Dunn,3,1,0,2/13/2022
Eddy,12,4,0,2/13/2022
Emmons,4,1,0,2/13/2022
Foster,5,8,0,2/13/2022
Golden Valley,1,1,0,2/13/2022
Grand Forks,152,62,0,2/13/2022
Grant,1,0,0,2/13/2022
Griggs,2,0,0,2/13/2022
Hettinger,2,0,0,2/13/2022
Kidder,3,2,0,2/13/2022
LaMoure,7,3,0,2/13/2022
Logan,2,2,0,2/13/2022
McHenry,6,3,0,2/13/2022
McIntosh,8,7,0,2/13/2022
McKenzie,20,5,0,2/13/2022
McLean,13,3,0,2/13/2022
Mercer,5,6,0,2/13/2022
Morton,70,25,0,2/13/2022
Mountrail,30,11,0,2/13/2022
Nelson,1,3,0,2/13/2022
Oliver,4,1,0,2/13/2022
Pembina,6,5,0,2/13/2022
Pierce,6,1,0,2/13/2022
Ramsey,78,26,0,2/13/2022
Ransom,17,4,0,2/13/2022
Renville,1,0,0,2/13/2022
Richland,11,14,0,2/13/2022
Rolette,175,19,0,2/13/2022
Sargent,10,9,0,2/13/2022
Sheridan,3,1,0,2/13/2022
Sioux,13,2,0,2/13/2022
Slope,0,0,0,2/13/2022
Stark,71,30,0,2/13/2022
Steele,2,1,0,2/13/2022
Stutsman,53,17,0,2/13/2022
Towner,5,3,0,2/13/2022
Traill,20,2,0,2/13/2022
Unknown,0,0,0,2/13/2022
Walsh,14,13,0,2/13/2022
Ward,129,48,0,2/13/2022
Wells,3,2,0,2/13/2022
Williams,52,19,0,2/13/2022
Adams,11,0,0,2/14/2022
Barnes,15,7,0,2/14/2022
Benson,31,6,0,2/14/2022
Billings,2,1,0,2/14/2022
Bottineau,15,4,0,2/14/2022
Bowman,3,3,0,2/14/2022
Burke,1,0,0,2/14/2022
Burleigh,280,51,0,2/14/2022
Cass,328,100,0,2/14/2022
Cavalier,10,2,0,2/14/2022
Dickey,7,2,0,2/14/2022
Divide,1,1,0,2/14/2022
Dunn,3,1,0,2/14/2022
Eddy,10,3,0,2/14/2022
Emmons,5,2,0,2/14/2022
Foster,4,1,0,2/14/2022
Golden Valley,1,0,0,2/14/2022
Grand Forks,163,47,0,2/14/2022
Grant,1,0,0,2/14/2022
Griggs,3,0,0,2/14/2022
Hettinger,4,0,0,2/14/2022
Kidder,3,1,0,2/14/2022
LaMoure,5,2,0,2/14/2022
Logan,3,0,0,2/14/2022
McHenry,3,4,0,2/14/2022
McIntosh,9,1,0,2/14/2022
McKenzie,24,4,0,2/14/2022
McLean,15,0,0,2/14/2022
Mercer,3,4,0,2/14/2022
Morton,69,15,0,2/14/2022
Mountrail,29,12,0,2/14/2022
Nelson,2,0,0,2/14/2022
Oliver,3,1,0,2/14/2022
Pembina,7,0,0,2/14/2022
Pierce,13,0,0,2/14/2022
Ramsey,76,12,1,2/14/2022
Ransom,14,5,0,2/14/2022
Renville,1,0,0,2/14/2022
Richland,15,1,0,2/14/2022
Rolette,187,11,0,2/14/2022
Sargent,8,3,0,2/14/2022
Sheridan,2,1,0,2/14/2022
Sioux,13,1,0,2/14/2022
Slope,0,0,0,2/14/2022
Stark,71,12,1,2/14/2022
Steele,2,1,0,2/14/2022
Stutsman,52,14,0,2/14/2022
Towner,5,2,0,2/14/2022
Traill,28,3,0,2/14/2022
Unknown,0,0,0,2/14/2022
Walsh,12,3,0,2/14/2022
Ward,142,34,0,2/14/2022
Wells,5,0,0,2/14/2022
Williams,56,11,0,2/14/2022
Adams,11,3,0,2/15/2022
Barnes,20,1,0,2/15/2022
Benson,29,4,0,2/15/2022
Billings,3,0,0,2/15/2022
Bottineau,13,5,0,2/15/2022
Bowman,3,1,0,2/15/2022
Burke,1,0,0,2/15/2022
Burleigh,282,39,0,2/15/2022
Cass,338,89,0,2/15/2022
Cavalier,12,2,0,2/15/2022
Dickey,8,2,0,2/15/2022
Divide,1,0,0,2/15/2022
Dunn,5,1,0,2/15/2022
Eddy,9,3,0,2/15/2022
Emmons,2,3,0,2/15/2022
Foster,6,0,0,2/15/2022
Golden Valley,1,0,0,2/15/2022
Grand Forks,163,49,0,2/15/2022
Grant,2,0,0,2/15/2022
Griggs,3,0,0,2/15/2022
Hettinger,4,0,0,2/15/2022
Kidder,2,2,0,2/15/2022
LaMoure,4,2,0,2/15/2022
Logan,2,1,0,2/15/2022
McHenry,2,1,0,2/15/2022
McIntosh,9,0,0,2/15/2022
McKenzie,18,8,0,2/15/2022
McLean,16,2,0,2/15/2022
Mercer,8,0,0,2/15/2022
Morton,67,15,0,2/15/2022
Mountrail,30,3,0,2/15/2022
Nelson,4,0,0,2/15/2022
Oliver,4,0,0,2/15/2022
Pembina,12,1,0,2/15/2022
Pierce,11,2,0,2/15/2022
Ramsey,74,15,0,2/15/2022
Ransom,15,1,0,2/15/2022
Renville,0,1,0,2/15/2022
Richland,20,3,0,2/15/2022
Rolette,182,37,0,2/15/2022
Sargent,10,0,0,2/15/2022
Sheridan,2,0,0,2/15/2022
Sioux,13,1,0,2/15/2022
Slope,0,0,0,2/15/2022
Stark,66,19,0,2/15/2022
Steele,3,0,0,2/15/2022
Stutsman,66,13,0,2/15/2022
Towner,4,1,0,2/15/2022
Traill,34,0,0,2/15/2022
Unknown,0,0,0,2/15/2022
Walsh,15,4,0,2/15/2022
Ward,149,38,0,2/15/2022
Wells,5,1,0,2/15/2022
Williams,62,13,0,2/15/2022
Adams,12,0,0,2/16/2022
Barnes,18,7,0,2/16/2022
Benson,33,9,0,2/16/2022
Billings,1,2,0,2/16/2022
Bottineau,12,3,0,2/16/2022
Bowman,4,1,0,2/16/2022
Burke,0,1,0,2/16/2022
Burleigh,291,43,0,2/16/2022
Cass,347,80,0,2/16/2022
Cavalier,10,3,0,2/16/2022
Dickey,9,1,0,2/16/2022
Divide,1,0,0,2/16/2022
Dunn,5,1,0,2/16/2022
Eddy,9,1,0,2/16/2022
Emmons,3,0,0,2/16/2022
Foster,8,2,0,2/16/2022
Golden Valley,0,1,0,2/16/2022
Grand Forks,176,40,0,2/16/2022
Grant,2,0,0,2/16/2022
Griggs,1,2,0,2/16/2022
Hettinger,5,0,0,2/16/2022
Kidder,4,0,0,2/16/2022
LaMoure,5,2,0,2/16/2022
Logan,2,0,0,2/16/2022
McHenry,5,1,0,2/16/2022
McIntosh,7,2,0,2/16/2022
McKenzie,17,5,0,2/16/2022
McLean,14,4,0,2/16/2022
Mercer,9,3,0,2/16/2022
Morton,68,12,0,2/16/2022
Mountrail,28,6,0,2/16/2022
Nelson,3,1,0,2/16/2022
Oliver,5,0,0,2/16/2022
Pembina,7,5,0,2/16/2022
Pierce,10,1,0,2/16/2022
Ramsey,67,20,0,2/16/2022
Ransom,17,1,0,2/16/2022
Renville,1,0,0,2/16/2022
Richland,24,2,0,2/16/2022
Rolette,171,33,0,2/16/2022
Sargent,13,0,0,2/16/2022
Sheridan,2,0,0,2/16/2022
Sioux,12,5,0,2/16/2022
Slope,1,0,0,2/16/2022
Stark,66,16,0,2/16/2022
Steele,3,0,0,2/16/2022
Stutsman,68,7,0,2/16/2022
Towner,6,0,0,2/16/2022
Traill,44,6,0,2/16/2022
Unknown,0,0,0,2/16/2022
Walsh,18,5,0,2/16/2022
Ward,125,47,0,2/16/2022
Wells,6,0,0,2/16/2022
Williams,61,20,0,2/16/2022
Adams,18,0,0,2/17/2022
Barnes,17,6,0,2/17/2022
Benson,31,8,0,2/17/2022
Billings,2,0,0,2/17/2022
Bottineau,10,2,0,2/17/2022
Bowman,5,0,0,2/17/2022
Burke,0,0,0,2/17/2022
Burleigh,272,56,0,2/17/2022
Cass,353,56,0,2/17/2022
Cavalier,9,1,0,2/17/2022
Dickey,10,0,0,2/17/2022
Divide,1,0,0,2/17/2022
Dunn,9,0,0,2/17/2022
Eddy,7,2,0,2/17/2022
Emmons,2,1,0,2/17/2022
Foster,4,4,0,2/17/2022
Golden Valley,0,0,0,2/17/2022
Grand Forks,185,29,1,2/17/2022
Grant,2,0,0,2/17/2022
Griggs,1,1,0,2/17/2022
Hettinger,5,2,0,2/17/2022
Kidder,3,2,0,2/17/2022
LaMoure,5,0,0,2/17/2022
Logan,2,1,0,2/17/2022
McHenry,8,0,0,2/17/2022
McIntosh,2,5,0,2/17/2022
McKenzie,18,2,0,2/17/2022
McLean,13,2,0,2/17/2022
Mercer,9,4,0,2/17/2022
Morton,65,10,0,2/17/2022
Mountrail,26,8,0,2/17/2022
Nelson,4,0,0,2/17/2022
Oliver,4,1,0,2/17/2022
Pembina,6,4,0,2/17/2022
Pierce,9,1,0,2/17/2022
Ramsey,54,19,0,2/17/2022
Ransom,15,2,0,2/17/2022
Renville,1,0,0,2/17/2022
Richland,23,5,0,2/17/2022
Rolette,159,30,0,2/17/2022
Sargent,13,1,0,2/17/2022
Sheridan,1,1,0,2/17/2022
Sioux,12,2,0,2/17/2022
Slope,1,0,0,2/17/2022
Stark,69,10,0,2/17/2022
Steele,4,0,0,2/17/2022
Stutsman,60,17,0,2/17/2022
Towner,7,1,0,2/17/2022
Traill,43,6,0,2/17/2022
Unknown,0,0,0,2/17/2022
Walsh,17,4,0,2/17/2022
Ward,134,15,0,2/17/2022
Wells,8,1,0,2/17/2022
Williams,52,18,0,2/17/2022
Adams,19,1,0,2/18/2022
Barnes,17,0,0,2/18/2022
Benson,32,1,0,2/18/2022
Billings,2,0,0,2/18/2022
Bottineau,11,0,0,2/18/2022
Bowman,5,0,0,2/18/2022
Burke,0,0,0,2/18/2022
Burleigh,284,12,1,2/18/2022
Cass,382,20,0,2/18/2022
Cavalier,9,0,0,2/18/2022
Dickey,12,0,0,2/18/2022
Divide,1,0,0,2/18/2022
Dunn,9,1,0,2/18/2022
Eddy,9,0,0,2/18/2022
Emmons,2,0,0,2/18/2022
Foster,8,0,0,2/18/2022
Golden Valley,0,0,0,2/18/2022
Grand Forks,187,23,0,2/18/2022
Grant,2,0,0,2/18/2022
Griggs,1,0,0,2/18/2022
Hettinger,5,0,0,2/18/2022
Kidder,3,1,0,2/18/2022
LaMoure,6,0,0,2/18/2022
Logan,2,0,0,2/18/2022
McHenry,11,1,0,2/18/2022
McIntosh,2,0,0,2/18/2022
McKenzie,17,3,0,2/18/2022
McLean,16,0,0,2/18/2022
Mercer,11,0,0,2/18/2022
Morton,71,6,0,2/18/2022
Mountrail,28,2,0,2/18/2022
Nelson,4,0,0,2/18/2022
Oliver,4,0,0,2/18/2022
Pembina,7,0,0,2/18/2022
Pierce,16,0,0,2/18/2022
Ramsey,59,5,0,2/18/2022
Ransom,17,0,0,2/18/2022
Renville,2,0,0,2/18/2022
Richland,24,1,0,2/18/2022
Rolette,152,21,0,2/18/2022
Sargent,17,0,0,2/18/2022
Sheridan,1,0,0,2/18/2022
Sioux,11,2,0,2/18/2022
Slope,1,0,0,2/18/2022
Stark,80,4,0,2/18/2022
Steele,4,0,0,2/18/2022
Stutsman,66,3,0,2/18/2022
Towner,7,0,0,2/18/2022
Traill,43,4,0,2/18/2022
Unknown,0,0,0,2/18/2022
Walsh,18,1,0,2/18/2022
Ward,134,20,0,2/18/2022
Wells,8,0,0,2/18/2022
Williams,54,7,0,2/18/2022
